permit_number,permit_type,permit_type_definition,permit_creation_date,block,lot,filed_date,issued_date,approved_date,completed_date,status,status_date,street_number,street_name,street_suffix,zipcode,existing_use,proposed_use,existing_units,proposed_units,estimated_cost,revised_cost,adu,primary_address_flag,supervisor_district,neighborhoods_analysis_boundaries,record_id,data_as_of,location,point_source
202006158762,8,otc alterations permit,2020-06-15T00:00:00.000,1176,039,2020-06-15T11:23:08.000,2020-06-17T10:08:44.000,2020-06-17T10:08:44.000,2020-07-28T16:13:03.000,complete,2020-07-28T16:13:03.000,1963,Mcallister,St,94117.0,apartments,apartments,8.0,8.0,27960.0,28000.0,N,Y,2.0,Lone Mountain/USF,1591765445780,2025-08-07T23:55:01.000,POINT (-122.444343175 37.776747677),eas_address_point
202006158763,3,additions alterations or repairs,2020-06-15T00:00:00.000,4761,022,2020-06-15T11:29:50.000,2022-06-17T14:04:44.000,2022-06-17T14:04:44.000,2023-05-24T15:48:15.000,complete,2023-05-24T15:48:15.000,1335,Quesada,Av,94124.0,1 family dwelling,apartments,1.0,3.0,40000.0,40000.0,N,Y,10.0,Bayview Hunters Point,1591766174824,2025-08-07T23:55:01.000,POINT (-122.384840478 37.729288474),eas_address_point
202006158764,3,additions alterations or repairs,2020-06-15T00:00:00.000,4761,022,2020-06-15T11:32:51.000,,,,withdrawn,2023-05-23T09:04:02.000,1335,Quesada,Av,94124.0,1 family dwelling,apartments,1.0,3.0,8000.0,,N,Y,10.0,Bayview Hunters Point,1591767174824,2025-08-07T23:55:01.000,POINT (-122.384840478 37.729288474),eas_address_point
202006158766,8,otc alterations permit,2020-06-15T00:00:00.000,8711,226,2020-06-15T12:23:11.000,2020-08-20T12:47:31.000,2020-08-18T15:17:54.000,2020-10-16T11:45:04.000,complete,2020-10-16T11:45:04.000,1385,04th,St,94158.0,retail sales,retail sales,200.0,200.0,150000.0,185000.0,N,Y,6.0,Mission Bay,1591776507600,2025-08-07T23:55:01.000,POINT (-122.391061651 37.771109537),eas_address_point
202006158767,8,otc alterations permit,2020-06-15T00:00:00.000,0207,032,2020-06-15T12:45:04.000,2020-12-09T11:47:31.000,2020-12-09T11:47:31.000,,issued,2020-12-09T11:47:31.000,600,Montgomery,St,94111.0,office,office,,,1000.0,1000.0,N,Y,3.0,Chinatown,1591801296199,2025-08-07T23:55:01.000,POINT (-122.40273227 37.795156562),eas_address_point
202006158769,3,additions alterations or repairs,2020-06-15T00:00:00.000,3612,035,2020-06-15T13:16:48.000,2020-08-31T08:11:51.000,2020-08-25T12:35:24.000,2023-12-22T10:02:36.000,complete,2023-12-22T10:02:36.000,2441,Folsom,St,94110.0,2 family dwelling,2 family dwelling,2.0,2.0,200000.0,200000.0,N,Y,9.0,Mission,1591780162034,2025-08-07T23:55:01.000,POINT (-122.414270454 37.758220354),eas_address_point
202006158769,3,additions alterations or repairs,2020-06-15T00:00:00.000,3612,035,2020-06-15T13:16:48.000,2020-08-31T08:11:51.000,2020-08-25T12:35:24.000,2023-12-22T10:02:36.000,complete,2023-12-22T10:02:36.000,2443,Folsom,St,94110.0,2 family dwelling,2 family dwelling,2.0,2.0,200000.0,200000.0,N,,9.0,Mission,1591781512760,2025-08-07T23:55:01.000,POINT (-122.414271804 37.758218752),eas_address_point
M1210408,8,otc alterations permit,2020-06-13T00:00:00.000,0180,043,2020-06-13T10:00:34.000,2020-06-15T08:57:55.000,2020-06-15T08:57:55.000,,issued,2020-06-15T08:57:55.000,1342,Mason,St,94133.0,,,,,,1.0,N,Y,3.0,Chinatown,1591608232434,2025-08-07T23:55:01.000,POINT (-122.411426251 37.796090848),eas_address_point
202006158770,3,additions alterations or repairs,2020-06-15T00:00:00.000,3506,008,2020-06-15T13:42:34.000,2020-11-02T13:58:32.000,2020-11-01T11:43:49.000,,issued,2020-11-02T13:58:32.000,1500,Mission,St,94103.0,,office,,,1.0,1.0,N,Y,6.0,Mission,1591783510076,2025-08-07T23:55:01.000,POINT (-122.417493042 37.774221418),eas_address_point
202006158771,8,otc alterations permit,2020-06-15T00:00:00.000,2985,019,2020-06-15T13:52:59.000,2020-06-17T07:52:43.000,2020-06-17T07:52:43.000,2020-11-30T10:57:00.000,complete,2020-11-30T10:57:00.000,240,Juanita,Wy,94127.0,1 family dwelling,1 family dwelling,1.0,1.0,23000.0,23000.0,N,Y,7.0,West of Twin Peaks,1591785148899,2025-08-07T23:55:01.000,POINT (-122.456720266 37.740784665),eas_address_point
202006158773,8,otc alterations permit,2020-06-15T00:00:00.000,0513,002,2020-06-15T14:17:37.000,2020-06-17T08:13:53.000,2020-06-17T08:13:53.000,,issued,2020-06-17T08:13:53.000,3037,Pierce,St,94123.0,apartments,apartments,4.0,4.0,21100.0,22000.0,N,Y,2.0,Marina,1591789234769,2025-08-07T23:55:01.000,POINT (-122.439446495 37.798192813),eas_address_point
202006158774,8,otc alterations permit,2020-06-15T00:00:00.000,1500,014A,2020-06-15T14:21:37.000,2020-06-17T11:53:52.000,2020-06-17T11:53:51.000,2020-06-30T16:11:51.000,complete,2020-06-30T16:11:51.000,571,44th,Av,94121.0,1 family dwelling,1 family dwelling,1.0,1.0,3000.0,3000.0,N,Y,1.0,Outer Richmond,1591790101704,2025-08-07T23:55:01.000,POINT (-122.505324449 37.777773761),eas_address_point
202006158775,8,otc alterations permit,2020-06-15T00:00:00.000,0837,001,2020-06-15T14:25:23.000,2020-06-17T07:50:36.000,2020-06-17T07:50:36.000,,issued,2020-06-17T07:50:36.000,45,Franklin,St,94102.0,office,office,0.0,0.0,39500.0,40000.0,N,Y,5.0,Hayes Valley,1591791436464,2025-08-07T23:55:01.000,POINT (-122.421071194 37.774952008),eas_address_point
202006158776,8,otc alterations permit,2020-06-15T00:00:00.000,3740,027,2020-06-15T14:27:16.000,2020-08-25T08:27:28.000,2020-08-21T08:58:34.000,2021-03-30T14:25:12.000,complete,2021-03-30T14:25:12.000,150,Folsom,St,94105.0,retail sales,retail sales,,,29375.0,153740.0,N,Y,6.0,Financial District/South Beach,1591792511117,2025-08-07T23:55:01.000,POINT (-122.391710407 37.789687301),eas_address_point
202006158778,8,otc alterations permit,2020-06-15T00:00:00.000,2360,019,2020-06-15T14:35:09.000,2020-06-16T08:00:04.000,2020-06-16T08:00:03.000,2020-06-30T13:49:59.000,complete,2020-06-30T13:49:59.000,2150,Taraval,St,94116.0,retail sales,retail sales,0.0,0.0,30249.0,31000.0,N,Y,4.0,Sunset/Parkside,1591794132597,2025-08-07T23:55:01.000,POINT (-122.489374132 37.742695822),eas_address_point
202006158779,8,otc alterations permit,2020-06-15T00:00:00.000,0345,012B,2020-06-15T14:43:46.000,2020-06-17T07:57:26.000,2020-06-17T07:57:26.000,2020-08-20T12:02:19.000,complete,2020-08-20T12:02:19.000,371,Turk,St,94102.0,apartments,apartments,25.0,25.0,30000.0,38000.0,N,Y,5.0,Tenderloin,1591796234104,2025-08-07T23:55:01.000,POINT (-122.41510965 37.782426163),eas_address_point
202006158780,8,otc alterations permit,2020-06-15T00:00:00.000,1009,018,2020-06-15T14:45:53.000,2020-06-18T10:04:00.000,2020-06-18T10:04:00.000,2021-02-18T09:53:03.000,complete,2021-02-18T09:53:03.000,310,Laurel,St,94118.0,1 family dwelling,1 family dwelling,1.0,1.0,54337.0,55000.0,N,Y,2.0,Presidio Heights,159179786987,2025-08-07T23:55:01.000,POINT (-122.450094726 37.788276329),eas_address_point
202006158781,8,otc alterations permit,2020-06-15T00:00:00.000,3744,023,2020-06-15T14:48:48.000,2020-07-07T08:58:10.000,2020-07-07T08:58:10.000,2020-12-11T11:49:32.000,complete,2020-12-11T11:49:32.000,75,Folsom,St,94105.0,apartments,apartments,67.0,67.0,88542.0,90000.0,N,Y,6.0,Financial District/South Beach,1591798165722,2025-08-07T23:55:01.000,POINT (-122.390416111 37.790328563),eas_address_point
202006158783,8,otc alterations permit,2020-06-15T00:00:00.000,1149,029,2020-06-15T15:11:13.000,2020-10-21T13:58:06.000,2020-10-21T13:58:06.000,2023-06-22T14:42:25.000,complete,2023-06-22T14:42:25.000,350,Masonic,Av,94118.0,school,school,,,1.0,1.0,N,Y,2.0,Lone Mountain/USF,159180690603,2025-08-07T23:55:01.000,POINT (-122.446283053 37.778042471),eas_address_point
202006158786,8,otc alterations permit,2020-06-15T00:00:00.000,1454,021,2020-06-15T15:35:05.000,2020-06-23T10:07:00.000,2020-06-23T10:07:00.000,2020-08-24T15:50:19.000,complete,2020-08-24T15:50:19.000,5826,Geary,Bl,94121.0,apartments,apartments,7.0,7.0,15600.0,16000.0,N,Y,1.0,Outer Richmond,1591804100391,2025-08-07T23:55:01.000,POINT (-122.482031113 37.780526605),eas_address_point
202006158787,8,otc alterations permit,2020-06-15T00:00:00.000,1426,006,2020-06-15T15:36:07.000,2020-06-17T07:47:12.000,2020-06-17T07:47:12.000,2020-08-12T10:22:04.000,complete,2020-08-12T10:22:04.000,233,07th,Av,94118.0,2 family dwelling,2 family dwelling,2.0,2.0,15000.0,18000.0,N,Y,1.0,Inner Richmond,1591805475991,2025-08-07T23:55:01.000,POINT (-122.465909971 37.784110626),eas_address_point
202006158788,8,otc alterations permit,2020-06-15T00:00:00.000,7334,001,2020-06-15T15:42:52.000,2020-06-26T08:41:50.000,2020-06-26T08:41:49.000,,issued,2020-06-26T08:41:50.000,556,Arballo,Dr,94132.0,apartments,apartments,1.0,1.0,6000.0,12000.0,N,Y,7.0,Lakeshore,1591807279135,2025-08-07T23:55:01.000,POINT (-122.483970322 37.717294074),eas_address_point
202006158790,8,otc alterations permit,2020-06-15T00:00:00.000,6562,038,2020-06-15T15:55:39.000,2020-06-18T07:50:37.000,2020-06-18T07:50:37.000,2020-10-05T13:35:37.000,complete,2020-10-05T13:35:37.000,4220,Cesar Chavez,St,94131.0,apartments,apartments,36.0,36.0,30000.0,36000.0,N,Y,8.0,Noe Valley,1591808252051,2025-08-07T23:55:01.000,POINT (-122.434476434 37.747492032),eas_address_point
202006158791,8,otc alterations permit,2020-06-15T00:00:00.000,7334,001,2020-06-15T16:15:11.000,2020-06-26T08:48:42.000,2020-06-26T08:48:42.000,,issued,2020-06-26T08:48:42.000,512,Arballo,Dr,94132.0,apartments,apartments,2.0,2.0,6000.0,12000.0,N,Y,7.0,Lakeshore,1591809279161,2025-08-07T23:55:01.000,POINT (-122.483774521 37.717882321),eas_address_point
202006158792,8,otc alterations permit,2020-06-15T00:00:00.000,2890,001,2020-06-15T16:30:48.000,2020-06-24T08:34:17.000,2020-06-24T08:34:16.000,,cancelled,2021-03-16T15:10:40.000,150,Woodside,Av,94127.0,1 family dwelling,1 family dwelling,1.0,1.0,18000.0,18000.0,N,Y,7.0,West of Twin Peaks,1591810146618,2025-08-07T23:55:01.000,POINT (-122.456107763 37.74632307),eas_address_point
202006158793,8,otc alterations permit,2020-06-15T00:00:00.000,2506,007A,2020-06-15T16:33:23.000,2020-06-18T14:04:44.000,2020-06-18T14:04:44.000,2020-11-04T14:13:57.000,complete,2020-11-04T14:13:57.000,2747,37th,Av,94116.0,1 family dwelling,1 family dwelling,1.0,1.0,20000.0,20000.0,N,Y,4.0,Sunset/Parkside,1591811138125,2025-08-07T23:55:01.000,POINT (-122.494855669 37.73568693),eas_address_point
M1210467,8,otc alterations permit,2020-06-15T00:00:00.000,3160,005,2020-06-15T08:22:53.000,2020-06-16T12:45:32.000,2020-06-16T12:45:32.000,,issued,2020-06-16T12:45:32.000,201,Phelan,Av,94112.0,,,,,,1.0,N,Y,7.0,West of Twin Peaks,1591737154122,2025-08-07T23:55:01.000,POINT (-122.45267671 37.728622547),eas_address_point
202006148725,8,otc alterations permit,2020-06-14T00:00:00.000,1555,034,2020-06-14T11:47:01.000,2020-08-26T14:07:35.000,2020-08-26T14:07:35.000,,issued,2020-08-26T14:07:35.000,568,Funston,Av,94118.0,1 family dwelling,1 family dwelling,1.0,1.0,20739.0,33748.0,N,Y,1.0,Inner Richmond,1591700104210,2025-08-07T23:55:01.000,POINT (-122.471221478 37.777567559),eas_address_point
202006148726,8,otc alterations permit,2020-06-14T00:00:00.000,3984,005,2020-06-14T14:26:21.000,2020-06-18T08:40:53.000,2020-06-18T08:40:53.000,2020-07-06T13:55:09.000,complete,2020-07-06T13:55:09.000,158,Missouri,St,94107.0,2 family dwelling,2 family dwelling,2.0,2.0,1400.0,1600.0,N,Y,10.0,Potrero Hill,1591714168354,2025-08-07T23:55:01.000,POINT (-122.397004559 37.764334312),eas_address_point
202006148727,8,otc alterations permit,2020-06-14T00:00:00.000,0550,017,2020-06-14T14:31:28.000,2020-06-22T08:23:35.000,2020-06-22T08:23:34.000,,issued,2020-06-22T08:23:35.000,1562,Vallejo,St,94109.0,apartments,apartments,10.0,10.0,24860.0,25000.0,N,Y,3.0,Russian Hill,159171573985,2025-08-07T23:55:01.000,POINT (-122.423068451 37.797021423),eas_address_point
202006148728,8,otc alterations permit,2020-06-14T00:00:00.000,7069,047,2020-06-14T14:37:44.000,2020-06-16T09:05:00.000,2020-06-16T09:05:00.000,2020-08-27T11:51:48.000,complete,2020-08-27T11:51:48.000,225,Montana,St,94112.0,1 family dwelling,1 family dwelling,1.0,1.0,1590.0,1600.0,N,Y,11.0,Oceanview/Merced/Ingleside,1591717220222,2025-08-07T23:55:01.000,POINT (-122.460003251 37.716312651),eas_address_point
202006148729,8,otc alterations permit,2020-06-14T00:00:00.000,0565,007,2020-06-14T14:43:08.000,2020-06-18T08:48:34.000,2020-06-18T08:48:34.000,2020-08-28T08:34:06.000,complete,2020-08-28T08:34:06.000,2102,Broadway,,94123.0,2 family dwelling,2 family dwelling,2.0,2.0,9700.0,12000.0,N,Y,2.0,Pacific Heights,159171874557,2025-08-07T23:55:01.000,POINT (-122.432043655 37.794945096),eas_address_point
202006148730,8,otc alterations permit,2020-06-14T00:00:00.000,1039,039,2020-06-14T14:47:51.000,2020-06-16T09:33:37.000,2020-06-16T09:33:37.000,,issued,2020-06-16T09:33:37.000,14,Palm,Av,94118.0,2 family dwelling,2 family dwelling,2.0,2.0,10000.0,12000.0,N,Y,2.0,Presidio Heights,159171987916,2025-08-07T23:55:01.000,POINT (-122.457735096 37.785511699),eas_address_point
202006148731,8,otc alterations permit,2020-06-14T00:00:00.000,0157,009,2020-06-14T15:07:23.000,2020-06-29T08:30:37.000,2020-06-29T08:30:37.000,2020-07-09T14:04:24.000,complete,2020-07-09T14:04:24.000,1124,Pacific,Av,94133.0,apartments,apartments,3.0,3.0,1.0,12000.0,N,,3.0,Nob Hill,1591721350084,2025-08-07T23:55:01.000,POINT (-122.413852611 37.796173228),eas_address_point
202006148731,8,otc alterations permit,2020-06-14T00:00:00.000,0157,009,2020-06-14T15:07:23.000,2020-06-29T08:30:37.000,2020-06-29T08:30:37.000,2020-07-09T14:04:24.000,complete,2020-07-09T14:04:24.000,1120,Pacific,Av,94133.0,apartments,apartments,3.0,3.0,1.0,12000.0,N,Y,3.0,Nob Hill,159172061031,2025-08-07T23:55:01.000,POINT (-122.413852611 37.796173228),eas_address_point
202006148733,8,otc alterations permit,2020-06-14T00:00:00.000,0657,008,2020-06-14T15:26:38.000,2020-06-16T09:24:57.000,2020-06-16T09:24:57.000,2020-06-19T10:07:37.000,complete,2020-06-19T10:07:37.000,2436,Bush,St,94115.0,apartments,apartments,4.0,4.0,15000.0,15000.0,N,Y,5.0,Pacific Heights,159172378007,2025-08-07T23:55:01.000,POINT (-122.437437455 37.786799673),eas_address_point
202006148734,8,otc alterations permit,2020-06-14T00:00:00.000,5675,008,2020-06-14T15:36:39.000,2020-06-16T09:11:44.000,2020-06-16T09:11:44.000,,issued,2020-06-16T09:11:44.000,138,Cortland,Av,94110.0,1 family dwelling,1 family dwelling,1.0,1.0,9800.0,12000.0,N,Y,9.0,Bernal Heights,1591724186624,2025-08-07T23:55:01.000,POINT (-122.420359563 37.739823923),eas_address_point
202006148735,8,otc alterations permit,2020-06-14T00:00:00.000,4787,009B,2020-06-14T15:40:35.000,2020-06-22T09:15:42.000,2020-06-22T09:15:42.000,,issued,2020-06-22T09:15:42.000,1258,Shafter,Av,94124.0,1 family dwelling,1 family dwelling,1.0,1.0,3000.0,3500.0,N,Y,10.0,Bayview Hunters Point,1591725174945,2025-08-07T23:55:01.000,POINT (-122.384174918 37.727628045),eas_address_point
202006138673,8,otc alterations permit,2020-06-13T00:00:00.000,3534,180,2020-06-13T07:07:32.000,2020-10-26T15:15:25.000,2020-08-26T11:15:27.000,,issued,2020-10-26T15:15:25.000,41,Rosemont,Pl,94103.0,apartments,apartments,3.0,3.0,100.0,4400.0,N,Y,8.0,Mission,1591572513398,2025-08-07T23:55:01.000,POINT (-122.425486519 37.768584786),eas_address_point
202006138674,6,demolitions,2020-06-13T00:00:00.000,8901,002,2020-06-13T07:15:37.000,2020-09-16T10:47:11.000,2020-08-08T07:20:43.000,2021-01-28T10:47:13.000,complete,2021-01-28T10:47:13.000,1,Avenue Of The Palms,,94130.0,food/beverage hndlng,,,,15000.0,15000.0,N,Y,6.0,Treasure Island,1591573508820,2025-08-07T23:55:01.000,POINT (-122.37110641 37.81705737),parcel_centroid
202006138675,6,demolitions,2020-06-13T00:00:00.000,8901,002,2020-06-13T07:43:52.000,2020-09-16T10:48:00.000,2020-08-08T07:25:25.000,2021-01-28T10:41:43.000,complete,2021-01-28T10:41:43.000,1,Avenue Of The Palms,,94130.0,storage shed,,,,3000.0,3000.0,N,Y,6.0,Treasure Island,1591577508820,2025-08-07T23:55:01.000,POINT (-122.37110641 37.81705737),parcel_centroid
202006138676,6,demolitions,2020-06-13T00:00:00.000,8901,002,2020-06-13T07:43:52.000,2020-09-16T10:48:43.000,2020-08-10T07:43:54.000,2021-01-28T10:32:02.000,complete,2021-01-28T10:32:02.000,1,Avenue Of The Palms,,94130.0,storage shed,,,,5000.0,5000.0,N,Y,6.0,Treasure Island,1591578508820,2025-08-07T23:55:01.000,POINT (-122.37110641 37.81705737),parcel_centroid
202006138677,6,demolitions,2020-06-13T00:00:00.000,8901,002,2020-06-13T07:43:52.000,2020-09-16T10:49:39.000,2020-08-08T08:19:30.000,2021-01-28T10:33:45.000,complete,2021-01-28T10:33:45.000,1,Avenue Of The Palms,,94130.0,storage shed,,,,3000.0,3000.0,N,Y,6.0,Treasure Island,1591583508820,2025-08-07T23:55:01.000,POINT (-122.37110641 37.81705737),parcel_centroid
202006138678,6,demolitions,2020-06-13T00:00:00.000,8901,002,2020-06-13T07:43:52.000,2020-09-16T10:50:13.000,2020-08-08T08:26:21.000,2021-01-28T10:35:50.000,complete,2021-01-28T10:35:50.000,1,Avenue Of The Palms,,94130.0,storage shed,,,,3000.0,3000.0,N,Y,6.0,Treasure Island,1591584508820,2025-08-07T23:55:01.000,POINT (-122.37110641 37.81705737),parcel_centroid
202006138679,6,demolitions,2020-06-13T00:00:00.000,8901,002,2020-06-13T07:43:53.000,2020-09-16T10:50:46.000,2020-08-10T08:20:52.000,2021-01-28T10:36:14.000,complete,2021-01-28T10:36:14.000,1,Avenue Of The Palms,,94130.0,storage shed,,,,3000.0,3000.0,N,Y,6.0,Treasure Island,1591585508820,2025-08-07T23:55:01.000,POINT (-122.37110641 37.81705737),parcel_centroid
202006138680,6,demolitions,2020-06-13T00:00:00.000,8901,002,2020-06-13T07:43:53.000,2020-09-16T10:51:15.000,2020-08-08T09:05:17.000,2021-01-28T10:42:54.000,complete,2021-01-28T10:42:54.000,1,Avenue Of The Palms,,94130.0,storage shed,,,,4000.0,4000.0,N,Y,6.0,Treasure Island,1591579508820,2025-08-07T23:55:01.000,POINT (-122.37110641 37.81705737),parcel_centroid
202006138681,6,demolitions,2020-06-13T00:00:00.000,8901,002,2020-06-13T07:43:53.000,2020-09-16T10:51:45.000,2020-08-08T09:07:59.000,2021-01-28T10:39:19.000,complete,2021-01-28T10:39:19.000,1,Avenue Of The Palms,,94130.0,storage shed,,,,4000.0,4000.0,N,Y,6.0,Treasure Island,1591580508820,2025-08-07T23:55:01.000,POINT (-122.37110641 37.81705737),parcel_centroid
202006138682,6,demolitions,2020-06-13T00:00:00.000,8901,002,2020-06-13T07:43:53.000,2020-09-16T10:52:23.000,2020-08-10T08:24:44.000,2021-01-28T10:37:38.000,complete,2021-01-28T10:37:38.000,1,Avenue Of The Palms,,94130.0,"warehouse,no frnitur",,,,6000.0,6000.0,N,Y,6.0,Treasure Island,1591604508820,2025-08-07T23:55:01.000,POINT (-122.37110641 37.81705737),parcel_centroid
202006138683,6,demolitions,2020-06-13T00:00:00.000,8901,002,2020-06-13T07:43:53.000,2020-09-16T10:52:52.000,2020-08-08T09:10:03.000,2021-01-28T10:38:18.000,complete,2021-01-28T10:38:18.000,1,Avenue Of The Palms,,94130.0,storage shed,,,,3000.0,3000.0,N,Y,6.0,Treasure Island,1591582508820,2025-08-07T23:55:01.000,POINT (-122.37110641 37.81705737),parcel_centroid
202006138684,3,additions alterations or repairs,2020-06-13T00:00:00.000,3725,090,2020-06-13T07:55:58.000,2020-09-03T07:56:04.000,2020-09-01T11:02:44.000,2022-09-29T14:58:32.000,complete,2022-09-29T14:58:32.000,434,Minna,St,94103.0,,apartments,,302.0,20000.0,20000.0,N,,6.0,South of Market,1591575515738,2025-08-07T23:55:01.000,POINT (-122.407044613 37.781800736),eas_address_point
202006138684,3,additions alterations or repairs,2020-06-13T00:00:00.000,3725,089,2020-06-13T07:55:58.000,2020-09-03T07:56:04.000,2020-09-01T11:02:44.000,2022-09-29T14:58:32.000,complete,2022-09-29T14:58:32.000,434,Minna,St,94103.0,,apartments,,302.0,20000.0,20000.0,N,Y,6.0,South of Market,1591574515971,2025-08-07T23:55:01.000,POINT (-122.407044613 37.781800736),eas_address_point
202006138684,3,additions alterations or repairs,2020-06-13T00:00:00.000,3725,091,2020-06-13T07:55:58.000,2020-09-03T07:56:04.000,2020-09-01T11:02:44.000,2022-09-29T14:58:32.000,complete,2022-09-29T14:58:32.000,434,Minna,St,94103.0,,apartments,,302.0,20000.0,20000.0,N,,6.0,South of Market,1591576515972,2025-08-07T23:55:01.000,POINT (-122.407044613 37.781800736),eas_address_point
202006138686,8,otc alterations permit,2020-06-13T00:00:00.000,7215,002A,2020-06-13T08:31:56.000,2020-06-18T08:55:56.000,2020-06-18T08:55:56.000,2020-08-24T14:01:45.000,complete,2020-08-24T14:01:45.000,35,Melba,Av,94132.0,1 family dwelling,1 family dwelling,1.0,1.0,25600.0,26000.0,N,Y,4.0,Sunset/Parkside,1591587224360,2025-08-07T23:55:01.000,POINT (-122.478581727 37.732050384),eas_address_point
202006138687,8,otc alterations permit,2020-06-13T00:00:00.000,0542,043,2020-06-13T08:41:08.000,2020-06-17T09:25:32.000,2020-06-17T09:25:32.000,2020-07-28T10:32:03.000,complete,2020-07-28T10:32:03.000,1944,Green,St,94123.0,apartments,apartments,3.0,3.0,48000.0,48000.0,N,Y,2.0,Marina,1591588502802,2025-08-07T23:55:01.000,POINT (-122.431189842 37.79699385),eas_address_point
M1210409,8,otc alterations permit,2020-06-13T00:00:00.000,0184,021,2020-06-13T10:05:00.000,,,,filed,2020-06-13T10:05:00.000,1500,Hyde,St,94109.0,,,,,,1.0,N,Y,3.0,Russian Hill,159161061883,2025-08-07T23:55:01.000,POINT (-122.418005598 37.794737111),eas_address_point
202006138688,8,otc alterations permit,2020-06-13T00:00:00.000,2746,034,2020-06-13T08:45:05.000,2020-06-16T09:28:08.000,2020-06-16T09:28:08.000,2020-08-12T09:53:50.000,complete,2020-08-12T09:53:50.000,25,Glendale,St,94114.0,apartments,apartments,11.0,11.0,24000.0,36000.0,N,Y,8.0,Twin Peaks,1591589246013,2025-08-07T23:55:01.000,POINT (-122.442422862 37.756270457),eas_address_point
202006138689,8,otc alterations permit,2020-06-13T00:00:00.000,1225,066,2020-06-13T08:49:04.000,2020-06-23T09:59:20.000,2020-06-23T09:59:20.000,2020-11-24T13:04:15.000,complete,2020-11-24T13:04:15.000,1792,Page,St,94117.0,2 family dwelling,2 family dwelling,2.0,2.0,7500.0,8000.0,N,Y,5.0,Haight Ashbury,1591590508088,2025-08-07T23:55:01.000,POINT (-122.45018391 37.770696351),eas_address_point
202006138690,8,otc alterations permit,2020-06-13T00:00:00.000,2355,008A,2020-06-13T08:53:20.000,2020-06-17T08:04:16.000,2020-06-17T08:04:16.000,2020-07-06T11:42:41.000,complete,2020-07-06T11:42:41.000,2395,26th,Av,94116.0,apartments,apartments,13.0,13.0,78500.0,79000.0,N,Y,4.0,Sunset/Parkside,1591594132347,2025-08-07T23:55:01.000,POINT (-122.483403697 37.742922212),eas_address_point
202006138691,8,otc alterations permit,2020-06-13T00:00:00.000,0984,017,2020-06-13T09:10:29.000,2020-06-16T09:28:44.000,2020-06-16T09:28:44.000,2020-11-24T10:12:56.000,complete,2020-11-24T10:12:56.000,3281,Jackson,St,94118.0,1 family dwelling,1 family dwelling,1.0,1.0,25000.0,25000.0,N,Y,2.0,Presidio Heights,159159286071,2025-08-07T23:55:01.000,POINT (-122.448687493 37.79039762),eas_address_point
202006138692,8,otc alterations permit,2020-06-13T00:00:00.000,1149,029,2020-06-13T09:12:18.000,2020-07-22T08:14:51.000,2020-07-20T08:16:30.000,2020-08-18T12:48:51.000,complete,2020-08-18T12:48:51.000,350,Masonic,Av,94118.0,,school,,,1.0,1.0,N,Y,2.0,Lone Mountain/USF,159159390603,2025-08-07T23:55:01.000,POINT (-122.446283053 37.778042471),eas_address_point
202006138693,8,otc alterations permit,2020-06-13T00:00:00.000,0321,038,2020-06-13T09:12:41.000,2020-08-22T08:13:28.000,2020-08-18T14:11:18.000,2022-07-13T07:46:01.000,complete,2022-07-13T07:46:01.000,725,Ofarrell,St,94109.0,apartments,apartments,31.0,31.0,31475.0,59700.0,N,Y,5.0,Tenderloin,1591596233891,2025-08-07T23:55:01.000,POINT (-122.416745455 37.785188825),eas_address_point
202006138694,8,otc alterations permit,2020-06-13T00:00:00.000,1591,005J,2020-06-13T09:23:12.000,2020-06-17T08:54:41.000,2020-06-17T08:54:41.000,2020-07-31T09:12:37.000,complete,2020-07-31T09:12:37.000,4740,Balboa,St,94121.0,apartments,apartments,35.0,35.0,15000.0,18000.0,N,Y,1.0,Outer Richmond,1591597105804,2025-08-07T23:55:01.000,POINT (-122.509783529 37.775392745),eas_address_point
202006138695,3,additions alterations or repairs,2020-06-13T00:00:00.000,4224,045,2020-06-13T09:44:31.000,2021-03-22T07:50:04.000,2021-03-18T11:49:16.000,2023-08-02T16:37:37.000,complete,2023-08-02T16:37:37.000,900,Pennsylvania,Av,94107.0,"warehouse,no frnitur","warehouse,no frnitur",,,14000000.0,14000000.0,N,Y,10.0,Potrero Hill,1591601377683,2025-08-07T23:55:01.000,POINT (-122.393814912 37.754355902),eas_address_point
202006138696,8,otc alterations permit,2020-06-13T00:00:00.000,0845,025,2020-06-13T09:49:10.000,2020-06-17T13:40:40.000,2020-06-17T13:40:40.000,2020-07-17T13:27:24.000,complete,2020-07-17T13:27:24.000,985,Oak,St,94117.0,apartments,apartments,6.0,6.0,35000.0,85000.0,N,Y,5.0,Haight Ashbury,1591602237679,2025-08-07T23:55:01.000,POINT (-122.435467395 37.773229592),eas_address_point
202006138696,8,otc alterations permit,2020-06-13T00:00:00.000,0845,025,2020-06-13T09:49:10.000,2020-06-17T13:40:40.000,2020-06-17T13:40:40.000,2020-07-17T13:27:24.000,complete,2020-07-17T13:27:24.000,989,Oak,St,94117.0,apartments,apartments,6.0,6.0,35000.0,85000.0,N,,5.0,Haight Ashbury,1591603413005,2025-08-07T23:55:01.000,POINT (-122.435467395 37.773229592),eas_address_point
202006138698,8,otc alterations permit,2020-06-13T00:00:00.000,3580,025,2020-06-13T10:14:59.000,2020-06-26T08:08:42.000,2020-06-26T08:08:42.000,2020-10-21T14:14:47.000,complete,2020-10-21T14:14:47.000,491,Sanchez,St,94114.0,apartments,apartments,6.0,6.0,5000.0,12000.0,N,Y,8.0,Castro/Upper Market,1591617247726,2025-08-07T23:55:01.000,POINT (-122.430429569 37.761327121),eas_address_point
202006138699,3,additions alterations or repairs,2020-06-13T00:00:00.000,4040,026,2020-06-13T10:17:58.000,2020-09-01T06:34:59.000,2020-08-26T08:29:07.000,2021-04-14T11:41:21.000,complete,2021-04-14T11:41:21.000,331,Pennsylvania,Av,94107.0,apartments,apartments,7.0,7.0,50000.0,88110.0,N,Y,10.0,Potrero Hill,1591614169195,2025-08-07T23:55:01.000,POINT (-122.393235951 37.762271439),eas_address_point
202006138700,8,otc alterations permit,2020-06-13T00:00:00.000,0535,013,2020-06-13T10:21:43.000,2020-06-18T08:55:07.000,2020-06-18T08:55:07.000,,issued,2020-06-18T08:55:07.000,2388,Union,St,94123.0,apartments,apartments,5.0,5.0,1998.0,2500.0,N,Y,2.0,Marina,1591615406484,2025-08-07T23:55:01.000,POINT (-122.438556139 37.796933532),eas_address_point
202006138701,8,otc alterations permit,2020-06-13T00:00:00.000,5501,008,2020-06-13T10:26:39.000,2020-06-16T09:16:23.000,2020-06-16T09:16:23.000,2022-07-21T10:24:51.000,complete,2022-07-21T10:24:51.000,1350,Shotwell,St,94110.0,apartments,apartments,3.0,3.0,1.0,1.0,N,,9.0,Bernal Heights,1591620182824,2025-08-07T23:55:01.000,POINT (-122.415029757 37.747527188),eas_address_point
202006138701,8,otc alterations permit,2020-06-13T00:00:00.000,5501,008,2020-06-13T10:26:39.000,2020-06-16T09:16:23.000,2020-06-16T09:16:23.000,2022-07-21T10:24:51.000,complete,2022-07-21T10:24:51.000,255,Precita,Av,94110.0,apartments,apartments,3.0,3.0,1.0,1.0,N,Y,9.0,Bernal Heights,1591619515748,2025-08-07T23:55:01.000,POINT (-122.415034108 37.747529636),eas_address_point
202006138702,8,otc alterations permit,2020-06-13T00:00:00.000,7115,025,2020-06-13T10:40:24.000,2020-06-17T08:17:05.000,2020-06-17T08:17:05.000,2020-11-30T10:50:33.000,complete,2020-11-30T10:50:33.000,114,Bright,St,94132.0,1 family dwelling,1 family dwelling,1.0,1.0,20000.0,45000.0,N,Y,11.0,Oceanview/Merced/Ingleside,1591633222252,2025-08-07T23:55:01.000,POINT (-122.46325194 37.712840347),eas_address_point
202006138703,8,otc alterations permit,2020-06-13T00:00:00.000,3198,007,2020-06-13T11:00:37.000,2020-06-17T09:08:22.000,2020-06-17T09:08:22.000,,cancelled,2021-10-22T07:33:09.000,1239,Plymouth,Av,94112.0,1 family dwelling,1 family dwelling,1.0,1.0,10000.0,18000.0,N,Y,7.0,West of Twin Peaks,1591636154683,2025-08-07T23:55:01.000,POINT (-122.456682916 37.724709096),eas_address_point
202006138704,8,otc alterations permit,2020-06-13T00:00:00.000,2697,011,2020-06-13T11:02:19.000,2020-06-17T09:57:03.000,2020-06-17T09:57:03.000,,issued,2020-06-17T09:57:03.000,278,Collingwood,St,94114.0,1 family dwelling,1 family dwelling,2.0,2.0,15000.0,15000.0,N,Y,8.0,Castro/Upper Market,1591640142069,2025-08-07T23:55:01.000,POINT (-122.43611737 37.75795666),eas_address_point
202006138704,8,otc alterations permit,2020-06-13T00:00:00.000,2697,011,2020-06-13T11:02:19.000,2020-06-17T09:57:03.000,2020-06-17T09:57:03.000,,issued,2020-06-17T09:57:03.000,280,Collingwood,St,94114.0,1 family dwelling,1 family dwelling,2.0,2.0,15000.0,15000.0,N,,8.0,Castro/Upper Market,1591641379028,2025-08-07T23:55:01.000,POINT (-122.43611737 37.75795666),eas_address_point
202006138705,8,otc alterations permit,2020-06-13T00:00:00.000,1540,018A,2020-06-13T11:08:18.000,2020-08-11T12:20:30.000,2020-08-11T12:20:30.000,2020-12-21T10:37:09.000,complete,2020-12-21T10:37:09.000,493,04th,Av,94118.0,apartments,apartments,4.0,4.0,15000.0,36000.0,N,Y,1.0,Inner Richmond,1591643466464,2025-08-07T23:55:01.000,POINT (-122.462194287 37.779393223),eas_address_point
202006138706,8,otc alterations permit,2020-06-13T00:00:00.000,1194,004,2020-06-13T11:14:59.000,2020-07-24T11:24:05.000,2020-07-24T11:24:05.000,2020-10-08T09:50:54.000,complete,2020-10-08T09:50:54.000,125,Clayton,St,94117.0,apartments,apartments,12.0,12.0,16000.0,42000.0,N,Y,5.0,Lone Mountain/USF,159164491965,2025-08-07T23:55:01.000,POINT (-122.449747509 37.774032518),eas_address_point
202006138707,8,otc alterations permit,2020-06-13T00:00:00.000,1198,001A,2020-06-13T11:24:07.000,2020-06-19T13:11:31.000,2020-06-19T13:11:31.000,2020-06-29T09:28:37.000,complete,2020-06-29T09:28:37.000,1605,Grove,St,94117.0,apartments,apartments,4.0,4.0,16000.0,16000.0,N,,5.0,Lone Mountain/USF,1591648274047,2025-08-07T23:55:01.000,POINT (-122.44333655 37.775115433),eas_address_point
202006138707,8,otc alterations permit,2020-06-13T00:00:00.000,1198,001A,2020-06-13T11:24:07.000,2020-06-19T13:11:31.000,2020-06-19T13:11:31.000,2020-06-29T09:28:37.000,complete,2020-06-29T09:28:37.000,1607,Grove,St,94117.0,apartments,apartments,4.0,4.0,16000.0,16000.0,N,,5.0,Lone Mountain/USF,1591649274048,2025-08-07T23:55:01.000,POINT (-122.44333655 37.775115433),eas_address_point
202006138707,8,otc alterations permit,2020-06-13T00:00:00.000,1198,001A,2020-06-13T11:24:07.000,2020-06-19T13:11:31.000,2020-06-19T13:11:31.000,2020-06-29T09:28:37.000,complete,2020-06-29T09:28:37.000,1603,Grove,St,94117.0,apartments,apartments,4.0,4.0,16000.0,16000.0,N,Y,5.0,Lone Mountain/USF,1591647397202,2025-08-07T23:55:01.000,POINT (-122.44333655 37.775115433),eas_address_point
202006138708,3,additions alterations or repairs,2020-06-13T00:00:00.000,0726,014A,2020-06-13T11:25:19.000,2023-03-10T10:30:12.000,2023-03-03T09:38:51.000,,issued,2023-03-10T10:30:12.000,1795,Ofarrell,St,94115.0,apartments,apartments,16.0,19.0,50000.0,385000.0,Y,Y,5.0,Western Addition,159164680533,2025-08-07T23:55:01.000,POINT (-122.43410124 37.782880086),eas_address_point
202006138709,8,otc alterations permit,2020-06-13T00:00:00.000,7295,038,2020-06-13T11:27:19.000,2020-07-21T08:09:13.000,2020-07-21T08:09:13.000,2020-08-11T15:55:07.000,complete,2020-08-11T15:55:07.000,3251,20th,Av,94132.0,food/beverage hndlng,food/beverage hndlng,0.0,0.0,3800.0,3800.0,N,Y,7.0,Lakeshore,1591650507987,2025-08-07T23:55:01.000,POINT (-122.476825757 37.728470603),eas_address_point
202006138710,8,otc alterations permit,2020-06-13T00:00:00.000,2089,028,2020-06-13T11:40:28.000,2020-06-16T10:07:16.000,2020-06-16T10:07:16.000,2020-06-17T11:05:29.000,complete,2020-06-17T11:05:29.000,1942,46th,Av,94116.0,1 family dwelling,1 family dwelling,1.0,1.0,12790.0,13000.0,N,Y,4.0,Sunset/Parkside,1591651125429,2025-08-07T23:55:01.000,POINT (-122.504891653 37.750284528),eas_address_point
202006138711,8,otc alterations permit,2020-06-13T00:00:00.000,0866,035,2020-06-13T11:50:43.000,2020-06-16T08:32:28.000,2020-06-16T08:32:28.000,2020-12-24T13:02:50.000,complete,2020-12-24T13:02:50.000,125,Steiner,St,94117.0,apartments,apartments,3.0,3.0,60000.0,60000.0,N,Y,8.0,Haight Ashbury,1591653505016,2025-08-07T23:55:01.000,POINT (-122.431927572 37.770241646),eas_address_point
202006138712,8,otc alterations permit,2020-06-13T00:00:00.000,1212,011,2020-06-13T11:58:46.000,2020-06-18T10:15:44.000,2020-06-18T10:15:42.000,2021-11-15T09:29:39.000,complete,2021-11-15T09:29:39.000,2030,Fell,St,94117.0,apartments,apartments,15.0,15.0,17000.0,18000.0,N,Y,5.0,Lone Mountain/USF,1591655240379,2025-08-07T23:55:01.000,POINT (-122.451410527 37.772619388),eas_address_point
202006138713,8,otc alterations permit,2020-06-13T00:00:00.000,1765,014,2020-06-13T12:10:10.000,,,,filed,2020-06-13T12:10:10.000,1379,10th,Av,94122.0,apartments,apartments,18.0,18.0,10000.0,0.0,N,Y,7.0,Inner Sunset,1591656244555,2025-08-07T23:55:01.000,POINT (-122.467611311 37.762564209),eas_address_point
202006138714,8,otc alterations permit,2020-06-13T00:00:00.000,3615,038,2020-06-13T12:13:23.000,2020-07-09T07:23:13.000,2020-06-29T10:05:06.000,2021-06-21T11:52:50.000,complete,2021-06-21T11:52:50.000,652,Capp,St,94110.0,prkng garage/private,1 family dwelling,0.0,1.0,1.0,1.0,N,Y,9.0,Mission,1591658516398,2025-08-07T23:55:01.000,POINT (-122.41804736 37.756203139),eas_address_point
202006138715,8,otc alterations permit,2020-06-13T00:00:00.000,3611,039,2020-06-13T12:43:25.000,2020-06-18T09:19:22.000,2020-06-18T09:19:22.000,2021-06-15T12:08:55.000,complete,2021-06-15T12:08:55.000,640,Shotwell,St,94110.0,2 family dwelling,2 family dwelling,2.0,2.0,5000.0,18000.0,N,Y,9.0,Mission,1591660448781,2025-08-07T23:55:01.000,POINT (-122.416027258 37.75810203),eas_address_point
202006138716,8,otc alterations permit,2020-06-13T00:00:00.000,2165,015,2020-06-13T12:51:49.000,2020-07-16T08:09:54.000,2020-07-16T08:09:54.000,2020-11-06T16:11:55.000,complete,2020-11-06T16:11:55.000,2083,45th,Av,94116.0,1 family dwelling,1 family dwelling,1.0,1.0,35000.0,35000.0,N,Y,4.0,Sunset/Parkside,1591662128176,2025-08-07T23:55:01.000,POINT (-122.504230158 37.747752657),eas_address_point
202006138717,8,otc alterations permit,2020-06-13T00:00:00.000,3048,011A,2020-06-13T12:59:38.000,2020-06-18T08:46:51.000,2020-06-18T08:46:51.000,,issued,2020-06-18T08:46:51.000,190,Saint Elmo,Wy,94127.0,1 family dwelling,1 family dwelling,1.0,1.0,24500.0,25000.0,N,Y,7.0,West of Twin Peaks,1591663150922,2025-08-07T23:55:01.000,POINT (-122.460861825 37.730685002),eas_address_point
202006138718,8,otc alterations permit,2020-06-13T00:00:00.000,6462,019,2020-06-13T13:06:56.000,2020-06-17T08:44:58.000,2020-06-17T08:44:58.000,2021-04-22T12:27:45.000,complete,2021-04-22T12:27:45.000,15,Allison,St,94112.0,1 family dwelling,1 family dwelling,1.0,1.0,1000.0,1500.0,N,Y,11.0,Excelsior,1591664203704,2025-08-07T23:55:01.000,POINT (-122.442169973 37.714506578),eas_address_point
M1210410,8,otc alterations permit,2020-06-13T00:00:00.000,0974,010A,2020-06-13T10:08:47.000,,,,filed,2020-06-13T10:08:47.000,56,Presidio,Av,94115.0,,,,,,1.0,N,Y,2.0,Presidio Heights,159161185660,2025-08-07T23:55:01.000,POINT (-122.447288472 37.791069067),eas_address_point
202006138719,8,otc alterations permit,2020-06-13T00:00:00.000,3637,019C,2020-06-13T13:18:23.000,2020-06-26T10:20:44.000,2020-06-26T10:20:44.000,2021-04-01T12:26:33.000,complete,2021-04-01T12:26:33.000,3254,23rd,St,94110.0,apartments,apartments,6.0,6.0,200000.0,220000.0,N,Y,9.0,Mission,1591666163402,2025-08-07T23:55:01.000,POINT (-122.417774826 37.754015322),eas_address_point
202006138719,8,otc alterations permit,2020-06-13T00:00:00.000,3637,019C,2020-06-13T13:18:23.000,2020-06-26T10:20:44.000,2020-06-26T10:20:44.000,2021-04-01T12:26:33.000,complete,2021-04-01T12:26:33.000,3256,23rd,St,94110.0,apartments,apartments,6.0,6.0,200000.0,220000.0,N,,9.0,Mission,1591667278136,2025-08-07T23:55:01.000,POINT (-122.417774826 37.754015322),eas_address_point
202006138719,8,otc alterations permit,2020-06-13T00:00:00.000,3637,019C,2020-06-13T13:18:23.000,2020-06-26T10:20:44.000,2020-06-26T10:20:44.000,2021-04-01T12:26:33.000,complete,2021-04-01T12:26:33.000,3258,23rd,St,94110.0,apartments,apartments,6.0,6.0,200000.0,220000.0,N,,9.0,Mission,1591668278137,2025-08-07T23:55:01.000,POINT (-122.417774826 37.754015322),eas_address_point
202006138719,8,otc alterations permit,2020-06-13T00:00:00.000,3637,019C,2020-06-13T13:18:23.000,2020-06-26T10:20:44.000,2020-06-26T10:20:44.000,2021-04-01T12:26:33.000,complete,2021-04-01T12:26:33.000,3260,23rd,St,94110.0,apartments,apartments,6.0,6.0,200000.0,220000.0,N,,9.0,Mission,1591669278138,2025-08-07T23:55:01.000,POINT (-122.417774826 37.754015322),eas_address_point
202006138719,8,otc alterations permit,2020-06-13T00:00:00.000,3637,019C,2020-06-13T13:18:23.000,2020-06-26T10:20:44.000,2020-06-26T10:20:44.000,2021-04-01T12:26:33.000,complete,2021-04-01T12:26:33.000,3262,23rd,St,94110.0,apartments,apartments,6.0,6.0,200000.0,220000.0,N,,9.0,Mission,1591670278139,2025-08-07T23:55:01.000,POINT (-122.417774826 37.754015322),eas_address_point
202006138720,8,otc alterations permit,2020-06-13T00:00:00.000,6412,003,2020-06-13T13:26:34.000,2020-06-17T09:05:03.000,2020-06-17T09:05:03.000,2020-07-22T10:00:54.000,complete,2020-07-22T10:00:54.000,191,Rolph,St,94112.0,1 family dwelling,1 family dwelling,1.0,1.0,18500.0,19000.0,N,Y,11.0,Excelsior,1591672202490,2025-08-07T23:55:01.000,POINT (-122.43841771 37.714584001),eas_address_point
202006138721,8,otc alterations permit,2020-06-13T00:00:00.000,0635,015,2020-06-13T13:28:19.000,2020-06-17T09:42:03.000,2020-06-17T09:42:03.000,2020-11-19T21:01:59.000,complete,2020-11-19T21:01:59.000,2148,Steiner,St,94115.0,1 family dwelling,1 family dwelling,1.0,1.0,10000.0,12000.0,N,Y,2.0,Pacific Heights,159167377143,2025-08-07T23:55:01.000,POINT (-122.435362998 37.789388589),eas_address_point
202006138722,8,otc alterations permit,2020-06-13T00:00:00.000,1682,001H,2020-06-13T13:32:00.000,2020-06-19T09:31:53.000,2020-06-19T09:31:53.000,2021-01-22T14:05:27.000,complete,2021-01-22T14:05:27.000,830,40th,Av,94121.0,,,2.0,2.0,4000.0,38000.0,N,Y,1.0,Outer Richmond,1591675110007,2025-08-07T23:55:01.000,POINT (-122.500021477 37.773097975),eas_address_point
202006138723,8,otc alterations permit,2020-06-13T00:00:00.000,0439A,072,2020-06-13T13:46:44.000,2020-06-19T10:05:03.000,2020-06-19T10:05:03.000,2020-07-17T12:45:23.000,complete,2020-07-17T12:45:23.000,400,Avila,St,94123.0,apartments,apartments,18.0,18.0,17500.0,18000.0,N,Y,2.0,Marina,159167670508,2025-08-07T23:55:01.000,POINT (-122.440506172 37.805038321),eas_address_point
202006138724,8,otc alterations permit,2020-06-13T00:00:00.000,5870,027,2020-06-13T14:21:08.000,2020-08-21T08:08:50.000,2020-08-21T08:08:50.000,2020-09-18T11:33:10.000,complete,2020-09-18T11:33:10.000,104,Trumbull,St,94112.0,1 family dwelling,1 family dwelling,1.0,1.0,2350.0,2500.0,N,Y,11.0,Excelsior,1591679189753,2025-08-07T23:55:01.000,POINT (-122.428149874 37.730553316),eas_address_point
202006188871,6,demolitions,2020-06-13T00:00:00.000,8901,002,2020-06-18T07:43:36.000,2021-04-09T09:38:40.000,2020-08-10T08:30:19.000,,issued,2021-04-09T09:38:40.000,1,Avenue Of The Palms,,94130.0,manufacturing,,,,3000.0,3000.0,N,Y,6.0,Treasure Island,1591959508820,2025-08-07T23:55:01.000,POINT (-122.37110641 37.81705737),parcel_centroid
M1210387,8,otc alterations permit,2020-06-13T00:00:00.000,4004,026,2020-06-13T09:33:43.000,,,,filed,2020-06-13T09:33:43.000,225,Arkansas,St,94107.0,,,,,,0.0,N,Y,10.0,Potrero Hill,1591599168605,2025-08-07T23:55:01.000,POINT (-122.398220925 37.763215522),eas_address_point
M1210407,8,otc alterations permit,2020-06-13T00:00:00.000,1525,020,2020-06-13T09:57:54.000,2020-06-15T08:52:22.000,2020-06-15T08:52:22.000,,issued,2020-06-15T08:52:22.000,2818,Anza,St,94121.0,,,,,,1.0,N,Y,1.0,Outer Richmond,1591607102841,2025-08-07T23:55:01.000,POINT (-122.478631173 37.778684036),eas_address_point
M1210411,8,otc alterations permit,2020-06-13T00:00:00.000,0093,068,2020-06-13T10:11:58.000,2020-06-16T12:44:46.000,2020-06-16T12:44:46.000,,issued,2020-06-16T12:44:46.000,1080,Filbert,St,94133.0,,,,,,1.0,N,Y,3.0,Russian Hill,1591612492089,2025-08-07T23:55:01.000,POINT (-122.417348685 37.800500926),eas_address_point
M1210412,8,otc alterations permit,2020-06-13T00:00:00.000,3640,025,2020-06-13T10:13:50.000,2020-06-17T13:21:31.000,2020-06-17T13:21:31.000,,issued,2020-06-17T13:21:31.000,2779,Folsom,St,94110.0,,,,,,1.0,N,Y,9.0,Mission,1591613163556,2025-08-07T23:55:01.000,POINT (-122.413712552 37.752964999),eas_address_point
M1210413,8,otc alterations permit,2020-06-13T00:00:00.000,5503,018,2020-06-13T10:24:30.000,2020-06-22T09:15:51.000,2020-06-22T09:15:50.000,,issued,2020-06-22T09:15:51.000,3121,Folsom,St,94110.0,,,,,,1.0,N,Y,9.0,Bernal Heights,1591618500281,2025-08-07T23:55:01.000,POINT (-122.413330623 37.747911853),eas_address_point
M1210414,8,otc alterations permit,2020-06-13T00:00:00.000,3604,046,2020-06-13T10:27:06.000,,,,filed,2020-06-13T10:27:06.000,428,Liberty,St,94114.0,,,,,,1.0,N,Y,8.0,Castro/Upper Market,1591621161427,2025-08-07T23:55:01.000,POINT (-122.43090155 37.757356315),eas_address_point
M1210415,8,otc alterations permit,2020-06-13T00:00:00.000,0289,004,2020-06-13T10:29:17.000,2020-06-16T12:48:32.000,2020-06-16T12:48:32.000,,issued,2020-06-16T12:48:32.000,1,Sansome,St,94104.0,,,,,,1.0,N,Y,3.0,Financial District/South Beach,159162267086,2025-08-07T23:55:01.000,POINT (-122.400940441 37.790485159),eas_address_point
M1210416,8,otc alterations permit,2020-06-13T00:00:00.000,1638,021A,2020-06-13T10:32:33.000,,,,filed,2020-06-13T10:32:33.000,670,07th,Av,94118.0,,,,,,1.0,N,Y,1.0,Inner Richmond,1591623107984,2025-08-07T23:55:01.000,POINT (-122.46465658 37.775890019),eas_address_point
M1210417,8,otc alterations permit,2020-06-13T00:00:00.000,3736,120,2020-06-13T10:33:52.000,2020-06-16T12:50:07.000,2020-06-16T12:50:07.000,,issued,2020-06-16T12:50:07.000,500,Folsom,St,94105.0,,,,,,1.0,N,Y,6.0,Financial District/South Beach,1591624503050,2025-08-07T23:55:01.000,POINT (-122.39510677 37.787203556),parcel_centroid
M1210418,8,otc alterations permit,2020-06-13T00:00:00.000,3564,077,2020-06-13T10:37:07.000,2020-06-19T08:58:01.000,2020-06-19T08:58:01.000,,issued,2020-06-19T08:58:01.000,3884,17th,St,94114.0,,,,,,1.0,N,Y,8.0,Castro/Upper Market,1591625363102,2025-08-07T23:55:01.000,POINT (-122.432503438 37.762859319),eas_address_point
M1210419,8,otc alterations permit,2020-06-13T00:00:00.000,5744,024,2020-06-13T10:38:52.000,,,,filed,2020-06-13T10:38:52.000,295,Crescent,Av,94110.0,,,,,,1.0,N,Y,9.0,Bernal Heights,1591626188368,2025-08-07T23:55:01.000,POINT (-122.418595679 37.735201911),eas_address_point
M1210420,8,otc alterations permit,2020-06-13T00:00:00.000,0976,004,2020-06-13T10:41:02.000,2020-06-15T08:40:38.000,2020-06-15T08:40:38.000,,issued,2020-06-15T08:40:38.000,2900,Jackson,St,94115.0,,,,,,1.0,N,Y,2.0,Pacific Heights,159162785702,2025-08-07T23:55:01.000,POINT (-122.443047832 37.791624572),eas_address_point
M1210421,8,otc alterations permit,2020-06-13T00:00:00.000,6510,025,2020-06-13T10:42:53.000,2020-06-16T12:46:19.000,2020-06-16T12:46:19.000,,issued,2020-06-16T12:46:19.000,322,Chattanooga,St,94114.0,,,,,,1.0,N,Y,8.0,Noe Valley,1591628205692,2025-08-07T23:55:01.000,POINT (-122.426566621 37.751379945),eas_address_point
M1210422,8,otc alterations permit,2020-06-13T00:00:00.000,3612,044,2020-06-13T10:44:34.000,2020-09-01T07:40:43.000,2020-09-01T07:40:43.000,,issued,2020-09-01T07:40:43.000,3271,20th,St,94110.0,,,,,,1.0,N,Y,9.0,Mission,1591630162043,2025-08-07T23:55:01.000,POINT (-122.414068468 37.758693886),eas_address_point
M1210424,8,otc alterations permit,2020-06-13T00:00:00.000,2189,013,2020-06-13T10:46:52.000,2020-06-16T12:40:41.000,2020-06-16T12:40:41.000,,issued,2020-06-16T12:40:41.000,2158,29th,Av,94116.0,,,,,,1.0,N,Y,4.0,Sunset/Parkside,1591631129285,2025-08-07T23:55:01.000,POINT (-122.486388411 37.747085866),eas_address_point
M1210425,8,otc alterations permit,2020-06-13T00:00:00.000,1370,044,2020-06-13T10:48:39.000,2020-06-15T09:06:12.000,2020-06-15T09:06:12.000,,issued,2020-06-15T09:06:12.000,108,11th,Av,94118.0,,,,,,1.0,N,Y,1.0,Inner Richmond,159163297180,2025-08-07T23:55:01.000,POINT (-122.469736485 37.786163183),eas_address_point
M1210426,8,otc alterations permit,2020-06-13T00:00:00.000,0127,050,2020-06-13T10:54:25.000,2020-06-19T08:38:21.000,2020-06-19T08:38:21.000,,issued,2020-06-19T08:38:21.000,999,Green,St,94133.0,,,,,,1.0,N,Y,3.0,Nob Hill,159163459997,2025-08-07T23:55:01.000,POINT (-122.415217686 37.798446655),eas_address_point
M1210427,8,otc alterations permit,2020-06-13T00:00:00.000,0973,013,2020-06-13T10:58:35.000,2020-06-26T09:08:07.000,2020-06-26T09:08:07.000,,issued,2020-06-26T09:08:07.000,3282,Jackson,St,94118.0,,,,,,1.0,N,Y,2.0,Presidio Heights,1591635238386,2025-08-07T23:55:01.000,POINT (-122.448891005 37.790919314),eas_address_point
M1210447,8,otc alterations permit,2020-06-13T00:00:00.000,0537,015,2020-06-13T11:01:02.000,2020-06-16T12:43:43.000,2020-06-16T12:43:43.000,,issued,2020-06-16T12:43:43.000,2824,Scott,St,94123.0,,,,,,1.0,N,Y,2.0,Marina,1591637420162,2025-08-07T23:55:01.000,POINT (-122.439983257 37.796023485),eas_address_point
M1210448,8,otc alterations permit,2020-06-13T00:00:00.000,2474,046,2020-06-13T11:02:43.000,2020-06-15T09:07:45.000,2020-06-15T09:07:45.000,,issued,2020-06-15T09:07:45.000,1127,Vicente,St,94116.0,,,,,,1.0,N,Y,4.0,Sunset/Parkside,1591639515883,2025-08-07T23:55:01.000,POINT (-122.479126287 37.738916919),eas_address_point
202006128489,8,otc alterations permit,2020-06-12T00:00:00.000,1858,019,2020-06-12T06:09:51.000,2020-07-02T07:58:28.000,2020-07-02T07:58:28.000,2022-07-26T13:59:39.000,complete,2022-07-26T13:59:39.000,1522,Funston,Av,94122.0,2 family dwelling,2 family dwelling,2.0,2.0,5000.0,6000.0,N,Y,7.0,Inner Sunset,1591467117511,2025-08-07T23:55:01.000,POINT (-122.469972495 37.759651147),eas_address_point
202006128490,8,otc alterations permit,2020-06-12T00:00:00.000,1702,043,2020-06-12T06:20:57.000,2020-07-02T07:56:20.000,2020-07-02T07:56:20.000,2023-01-24T11:04:25.000,complete,2023-01-24T11:04:25.000,1230,La Playa,,94122.0,apartments,apartments,15.0,15.0,15000.0,16000.0,N,Y,4.0,Sunset/Parkside,1591468244080,2025-08-07T23:55:01.000,POINT (-122.509021425 37.763298385),eas_address_point
202006128491,8,otc alterations permit,2020-06-12T00:00:00.000,5309,025A,2020-06-12T06:36:29.000,2020-06-16T08:21:29.000,2020-06-16T08:21:29.000,2020-10-29T11:59:11.000,complete,2020-10-29T11:59:11.000,1443,Newcomb,Av,94124.0,1 family dwelling,1 family dwelling,1.0,1.0,2000.0,2000.0,N,Y,10.0,Bayview Hunters Point,1591469178876,2025-08-07T23:55:01.000,POINT (-122.387048969 37.733379361),eas_address_point
202006128493,8,otc alterations permit,2020-06-12T00:00:00.000,0272,008,2020-06-12T07:00:44.000,2020-11-30T10:06:35.000,2020-11-30T10:06:35.000,,expired,2025-07-17T13:50:28.000,698,Bush,St,94108.0,apartments,apartments,45.0,45.0,25000.0,30000.0,N,Y,3.0,Nob Hill,1591471298766,2025-08-07T23:55:01.000,POINT (-122.408594039 37.790370468),eas_address_point
202006128494,3,additions alterations or repairs,2020-06-12T00:00:00.000,3601,017A,2020-06-12T07:01:42.000,2021-04-27T07:58:06.000,2021-04-26T11:21:20.000,2022-05-16T15:38:44.000,complete,2022-05-16T15:38:44.000,4042,20th,St,94114.0,1 family dwelling,2 family dwelling,1.0,2.0,80000.0,85000.0,Y,Y,8.0,Castro/Upper Market,1615256518408,2025-08-07T23:55:01.000,POINT (-122.431270155 37.758139107),eas_address_point
202006128495,8,otc alterations permit,2020-06-12T00:00:00.000,3655,018,2020-06-12T07:10:39.000,2020-11-18T09:28:51.000,2020-11-18T09:28:51.000,2020-12-17T13:10:59.000,complete,2020-12-17T13:10:59.000,556,Elizabeth,St,94114.0,1 family dwelling,1 family dwelling,1.0,1.0,2000.0,2000.0,N,Y,8.0,Noe Valley,1591473164204,2025-08-07T23:55:01.000,POINT (-122.433206135 37.752394924),eas_address_point
202006128496,8,otc alterations permit,2020-06-12T00:00:00.000,2831,044,2020-06-12T07:21:39.000,2020-06-16T08:14:29.000,2020-06-16T08:14:29.000,2020-08-21T09:44:16.000,complete,2020-08-21T09:44:16.000,1200,Castro,St,94114.0,apartments,apartments,5.0,5.0,4000.0,4000.0,N,Y,8.0,Noe Valley,1591474505148,2025-08-07T23:55:01.000,POINT (-122.434309477 37.751923137),eas_address_point
202006128497,8,otc alterations permit,2020-06-12T00:00:00.000,0505,010,2020-06-12T07:29:34.000,2020-06-22T07:56:31.000,2020-06-22T07:56:31.000,2021-02-16T12:34:14.000,complete,2021-02-16T12:34:14.000,3036,Octavia,St,94123.0,1 family dwelling,1 family dwelling,1.0,1.0,30500.0,31000.0,N,Y,2.0,Marina,159147572336,2025-08-07T23:55:01.000,POINT (-122.42910634 37.800342139),eas_address_point
202006128498,8,otc alterations permit,2020-06-12T00:00:00.000,3560,017,2020-06-12T07:30:47.000,2020-06-17T07:56:01.000,2020-06-17T07:56:01.000,,issued,2020-06-17T07:56:01.000,241,Noe,St,94114.0,apartments,apartments,3.0,3.0,12000.0,60000.0,N,Y,8.0,Castro/Upper Market,1591476247326,2025-08-07T23:55:01.000,POINT (-122.432819807 37.765281242),eas_address_point
202006128498,8,otc alterations permit,2020-06-12T00:00:00.000,3560,017,2020-06-12T07:30:47.000,2020-06-17T07:56:01.000,2020-06-17T07:56:01.000,,issued,2020-06-17T07:56:01.000,243,Noe,St,94114.0,apartments,apartments,3.0,3.0,12000.0,60000.0,N,,8.0,Castro/Upper Market,1591477274734,2025-08-07T23:55:01.000,POINT (-122.432819807 37.765281242),eas_address_point
202006128510,8,otc alterations permit,2020-06-12T00:00:00.000,5987,032,2020-06-12T10:51:14.000,,,,cancelled,2021-01-12T12:01:46.000,639,Burrows,St,94134.0,1 family dwelling,1 family dwelling,1.0,1.0,6000.0,12000.0,N,Y,9.0,Portola,1591489193290,2025-08-07T23:55:01.000,POINT (-122.409583157 37.72716775),eas_address_point
202006128498,8,otc alterations permit,2020-06-12T00:00:00.000,3560,017,2020-06-12T07:30:47.000,2020-06-17T07:56:01.000,2020-06-17T07:56:01.000,,issued,2020-06-17T07:56:01.000,245,Noe,St,94114.0,apartments,apartments,3.0,3.0,12000.0,60000.0,N,,8.0,Castro/Upper Market,1591478274735,2025-08-07T23:55:01.000,POINT (-122.432819807 37.765281242),eas_address_point
202006128499,8,otc alterations permit,2020-06-12T00:00:00.000,6545,065,2020-06-12T07:37:38.000,2020-06-15T09:13:46.000,2020-06-15T09:13:46.000,2020-10-28T14:12:16.000,complete,2020-10-28T14:12:16.000,534,Clipper,St,94114.0,apartments,apartments,6.0,6.0,75000.0,75000.0,N,Y,8.0,Noe Valley,1591479504913,2025-08-07T23:55:01.000,POINT (-122.436876993 37.748860405),eas_address_point
202006128500,8,otc alterations permit,2020-06-12T00:00:00.000,3624,016,2020-06-12T07:53:57.000,,,,filed,2020-06-12T07:53:57.000,4052,23rd,St,94114.0,1 family dwelling,1 family dwelling,1.0,1.0,10000.0,0.0,N,Y,8.0,Noe Valley,1591480162894,2025-08-07T23:55:01.000,POINT (-122.433198726 37.753199188),eas_address_point
202006128501,8,otc alterations permit,2020-06-12T00:00:00.000,1926,025B,2020-06-12T08:00:04.000,2020-06-15T09:04:25.000,2020-06-15T09:04:25.000,2021-01-27T10:25:35.000,complete,2021-01-27T10:25:35.000,1656,18th,Av,94122.0,1 family dwelling,1 family dwelling,1.0,1.0,10000.0,12000.0,N,Y,7.0,Inner Sunset,1591481120756,2025-08-07T23:55:01.000,POINT (-122.475264183 37.756980508),eas_address_point
202006128502,8,otc alterations permit,2020-06-12T00:00:00.000,3800,004,2020-06-12T08:00:07.000,2020-07-22T10:33:07.000,2020-07-17T14:38:19.000,2021-11-03T09:03:16.000,complete,2021-11-03T09:03:16.000,1,De Haro,St,94107.0,office,office,,,1.0,1.0,N,Y,6.0,Mission Bay,1591482167899,2025-08-07T23:55:01.000,POINT (-122.401846553 37.76971425),eas_address_point
202006128503,3,additions alterations or repairs,2020-06-12T00:00:00.000,0027,011C,2020-06-12T08:13:57.000,2025-07-16T16:43:55.000,2025-06-04T08:31:27.000,,issued,2025-07-16T16:43:55.000,792,Bay,St,94109.0,apartments,apartments,3.0,4.0,60000.0,145000.0,Y,Y,3.0,Russian Hill,1591483347466,2025-08-07T23:55:01.000,POINT (-122.420001942 37.8049209),eas_address_point
202006128504,8,otc alterations permit,2020-06-12T00:00:00.000,0305,007,2020-06-12T08:27:19.000,2020-07-02T09:36:03.000,2020-07-02T09:36:03.000,2020-07-06T09:15:59.000,complete,2020-07-06T09:15:59.000,520,Geary,St,94102.0,apartments,apartments,88.0,88.0,150000.0,150000.0,N,Y,3.0,Tenderloin,1591484233764,2025-08-07T23:55:01.000,POINT (-122.412041463 37.787160521),eas_address_point
202006128505,8,otc alterations permit,2020-06-12T00:00:00.000,0999,046,2020-06-12T09:16:00.000,2020-06-18T09:59:38.000,2020-06-18T09:59:38.000,,issued,2020-06-18T09:59:38.000,3144,Clay,St,94115.0,apartments,apartments,3.0,3.0,10000.0,36000.0,N,Y,2.0,Pacific Heights,159148586562,2025-08-07T23:55:01.000,POINT (-122.444957898 37.789623369),eas_address_point
202006128506,8,otc alterations permit,2020-06-12T00:00:00.000,2305,038,2020-06-12T10:00:11.000,2020-06-16T10:06:50.000,2020-06-16T10:06:50.000,,issued,2020-06-16T10:06:50.000,2234,45th,Av,94116.0,1 family dwelling,1 family dwelling,1.0,1.0,9200.0,12000.0,N,Y,4.0,Sunset/Parkside,1591499130260,2025-08-07T23:55:01.000,POINT (-122.503432383 37.744842196),eas_address_point
202006128507,8,otc alterations permit,2020-06-12T00:00:00.000,3602,032,2020-06-12T10:23:06.000,,,,withdrawn,2020-06-12T10:23:06.000,245,Hartford,St,94114.0,2 family dwelling,2 family dwelling,2.0,2.0,35000.0,0.0,N,Y,8.0,Castro/Upper Market,1591487161227,2025-08-07T23:55:01.000,POINT (-122.433355445 37.758642278),eas_address_point
202006128509,8,otc alterations permit,2020-06-12T00:00:00.000,3546,032,2020-06-12T10:49:50.000,2020-06-25T13:31:41.000,2020-06-25T13:31:41.000,,issued,2020-06-25T13:31:41.000,425,14th,St,94103.0,apartments,apartments,5.0,5.0,17000.0,18000.0,N,Y,9.0,Mission,1591488465593,2025-08-07T23:55:01.000,POINT (-122.422803464 37.767836005),eas_address_point
M13295,8,otc alterations permit,2000-07-05T09:08:49.000,2344A,019C,2000-07-05T09:06:14.000,2000-07-05T09:12:25.000,2000-07-05T09:12:25.000,,expired,2001-07-05T09:12:25.000,548,Taraval,St,94116.0,,,,,,120000.0,N,,7.0,West of Twin Peaks,823015363897,2025-08-07T23:55:01.000,POINT (-122.472225109 37.743401288),eas_address_point
202006128511,8,otc alterations permit,2020-06-12T00:00:00.000,0181,004,2020-06-12T11:19:52.000,2020-06-16T07:54:03.000,2020-06-16T07:54:03.000,,expired,2022-05-23T15:35:45.000,1351,Mason,St,94133.0,apartments,apartments,12.0,12.0,40000.0,48000.0,N,Y,3.0,Nob Hill,1591490232444,2025-08-07T23:55:01.000,POINT (-122.411984469 37.795839987),eas_address_point
202006128513,8,otc alterations permit,2020-06-12T00:00:00.000,2380,001,2020-06-12T11:51:38.000,2020-06-17T08:03:00.000,2020-06-17T08:03:00.000,2020-09-22T16:37:38.000,complete,2020-09-22T16:37:38.000,2401,45th,Av,94116.0,apartments,apartments,4.0,4.0,12000.0,12000.0,N,Y,4.0,Sunset/Parkside,1591492133462,2025-08-07T23:55:01.000,POINT (-122.503712514 37.741614082),eas_address_point
202006128514,8,otc alterations permit,2020-06-12T00:00:00.000,6574,007,2020-06-12T12:04:48.000,2020-08-27T07:18:01.000,2020-08-27T07:18:01.000,2021-03-02T14:27:01.000,complete,2021-03-02T14:27:01.000,3158,Mission,St,94110.0,apartments,apartments,4.0,4.0,50000.0,50000.0,N,Y,9.0,Bernal Heights,1591537252153,2025-08-07T23:55:01.000,POINT (-122.419467314 37.746817342),eas_address_point
202006128515,8,otc alterations permit,2020-06-12T00:00:00.000,3585,019,2020-06-12T12:07:38.000,2020-06-25T09:26:54.000,2020-06-25T09:26:54.000,,issued,2020-06-25T09:26:54.000,3830,19th,St,94114.0,apartments,apartments,5.0,5.0,15940.0,16000.0,N,Y,8.0,Castro/Upper Market,1591494247848,2025-08-07T23:55:01.000,POINT (-122.429051075 37.759885422),eas_address_point
202006128516,8,otc alterations permit,2020-06-12T00:00:00.000,0317,028,2020-06-12T12:13:02.000,2020-06-16T08:24:00.000,2020-06-16T08:24:00.000,2020-10-16T11:56:29.000,complete,2020-10-16T11:56:29.000,579,Geary,St,94102.0,1 family dwelling,1 family dwelling,1.0,1.0,6422.0,7000.0,N,Y,5.0,Tenderloin,1591495516824,2025-08-07T23:55:01.000,POINT (-122.412763184 37.786669294),eas_address_point
202006128517,3,additions alterations or repairs,2020-06-12T00:00:00.000,4730,017,2020-06-12T12:53:33.000,2021-05-25T10:30:24.000,2021-05-25T10:30:24.000,2023-05-01T16:04:35.000,reinstated,2023-05-03T14:02:59.000,1395,Newcomb,Av,94124.0,1 family dwelling,2 family dwelling,1.0,2.0,150000.0,150000.0,Y,Y,10.0,Bayview Hunters Point,1615920518440,2025-08-07T23:55:01.000,POINT (-122.385977007 37.732853215),eas_address_point
202006128518,8,otc alterations permit,2020-06-12T00:00:00.000,1189,002A,2020-06-12T13:08:14.000,2020-06-18T10:15:40.000,2020-06-18T10:15:40.000,2020-06-23T11:43:35.000,complete,2020-06-23T11:43:35.000,43,Clayton,St,94117.0,2 family dwelling,2 family dwelling,2.0,2.0,10000.0,12000.0,N,Y,5.0,Lone Mountain/USF,159149891865,2025-08-07T23:55:01.000,POINT (-122.449883586 37.774750471),eas_address_point
202006128519,8,otc alterations permit,2020-06-12T00:00:00.000,2055,005,2020-06-12T13:12:45.000,2020-06-18T13:06:51.000,2020-06-18T13:06:51.000,,issued,2020-06-18T13:06:51.000,1825,18th,Av,94122.0,1 family dwelling,1 family dwelling,1.0,1.0,8500.0,12000.0,N,Y,7.0,Inner Sunset,1591500123665,2025-08-07T23:55:01.000,POINT (-122.475696676 37.753735442),eas_address_point
202006128520,8,otc alterations permit,2020-06-12T00:00:00.000,5611,041,2020-06-12T13:20:01.000,2020-06-17T16:49:47.000,2020-06-17T16:49:47.000,,issued,2020-06-17T16:49:47.000,37,Prospect,Av,94110.0,1 family dwelling,1 family dwelling,1.0,1.0,15800.0,16000.0,N,Y,9.0,Bernal Heights,1591501184709,2025-08-07T23:55:01.000,POINT (-122.417779929 37.744502535),eas_address_point
202006128521,8,otc alterations permit,2020-06-12T00:00:00.000,3624,025,2020-06-12T13:24:23.000,2020-09-26T06:20:11.000,2020-09-26T06:20:11.000,,issued,2020-09-26T06:20:11.000,1015,Castro,St,94114.0,2 family dwelling,2 family dwelling,2.0,2.0,24500.0,26000.0,N,Y,8.0,Noe Valley,1591502162904,2025-08-07T23:55:01.000,POINT (-122.433940426 37.753172517),eas_address_point
202006128546,8,otc alterations permit,2020-06-12T00:00:00.000,1265,015,2020-06-12T14:23:48.000,2020-06-18T08:51:31.000,2020-06-18T08:51:31.000,2020-06-23T15:00:45.000,complete,2020-06-23T15:00:45.000,498,Carl,St,94117.0,apartments,apartments,6.0,6.0,2500.0,4000.0,N,Y,8.0,Inner Sunset,159152794342,2025-08-07T23:55:01.000,POINT (-122.457387754 37.764982638),eas_address_point
202006128522,8,otc alterations permit,2020-06-12T00:00:00.000,1020,040,2020-06-12T13:25:05.000,2020-06-19T07:41:22.000,2020-06-19T07:41:22.000,2020-09-14T12:13:06.000,complete,2020-09-14T12:13:06.000,3310,California,St,94118.0,1 family dwelling,1 family dwelling,1.0,1.0,10000.0,18000.0,N,Y,2.0,Presidio Heights,159184787340,2025-08-07T23:55:01.000,POINT (-122.449019794 37.787188595),eas_address_point
202006128523,8,otc alterations permit,2020-06-12T00:00:00.000,2768,027,2020-06-12T13:25:13.000,2020-06-16T10:24:12.000,2020-06-16T10:24:12.000,2020-08-13T12:24:51.000,complete,2020-08-13T12:24:51.000,463,Eureka,St,94114.0,1 family dwelling,1 family dwelling,1.0,1.0,10000.0,12000.0,N,Y,8.0,Noe Valley,1591503143692,2025-08-07T23:55:01.000,POINT (-122.437406434 37.754942228),eas_address_point
202006128524,8,otc alterations permit,2020-06-12T00:00:00.000,0915,004,2020-06-12T13:27:15.000,2020-06-19T11:44:50.000,2020-06-19T11:44:50.000,,issued,2020-06-19T11:44:50.000,3621,Broderick,St,94123.0,2 family dwelling,2 family dwelling,2.0,2.0,15500.0,16000.0,N,Y,2.0,Marina,159150584046,2025-08-07T23:55:01.000,POINT (-122.445643433 37.803809467),eas_address_point
202006128525,8,otc alterations permit,2020-06-12T00:00:00.000,0655,024,2020-06-12T13:31:01.000,2020-06-16T07:49:21.000,2020-06-16T07:49:21.000,2020-06-23T13:18:20.000,complete,2020-06-23T13:18:20.000,2591,California,St,94115.0,1 family dwelling,1 family dwelling,1.0,1.0,2900.0,3500.0,N,Y,2.0,Pacific Heights,159150677949,2025-08-07T23:55:01.000,POINT (-122.436840313 37.788284045),eas_address_point
202006128526,8,otc alterations permit,2020-06-12T00:00:00.000,2102,010,2020-06-12T13:31:53.000,2020-06-17T16:46:31.000,2020-06-17T16:46:31.000,,issued,2020-06-17T16:46:31.000,1963,32nd,Av,94116.0,1 family dwelling,1 family dwelling,1.0,1.0,8307.0,9000.0,N,Y,4.0,Sunset/Parkside,1591507125853,2025-08-07T23:55:01.000,POINT (-122.490515222 37.750574896),eas_address_point
202006128527,8,otc alterations permit,2020-06-12T00:00:00.000,0872,009,2020-06-12T13:33:39.000,2020-06-19T10:18:59.000,2020-06-19T10:18:59.000,,issued,2020-06-19T10:18:59.000,78,Buchanan,St,94102.0,apartments,apartments,30.0,30.0,15000.0,15000.0,N,Y,8.0,Hayes Valley,1591508420301,2025-08-07T23:55:01.000,POINT (-122.426508998 37.770432131),eas_address_point
202006128528,8,otc alterations permit,2020-06-12T00:00:00.000,2782,024,2020-06-12T13:39:19.000,2020-06-16T10:20:39.000,2020-06-16T10:20:39.000,2020-06-29T12:58:52.000,complete,2020-06-29T12:58:52.000,595,Dellbrook,Av,94131.0,1 family dwelling,1 family dwelling,1.0,1.0,28000.0,28000.0,N,Y,7.0,Twin Peaks,1591509144076,2025-08-07T23:55:01.000,POINT (-122.453709078 37.756543874),eas_address_point
202006128529,8,otc alterations permit,2020-06-12T00:00:00.000,5526,026,2020-06-12T13:42:46.000,2020-07-17T08:14:57.000,2020-07-17T08:14:57.000,2020-09-21T14:54:04.000,complete,2020-09-21T14:54:04.000,3255,Harrison,St,94110.0,2 family dwelling,2 family dwelling,2.0,2.0,8000.0,18000.0,N,Y,9.0,Bernal Heights,1591511505987,2025-08-07T23:55:01.000,POINT (-122.411248884 37.745977997),eas_address_point
202006128530,8,otc alterations permit,2020-06-12T00:00:00.000,2093,015C,2020-06-12T13:43:13.000,2020-06-23T08:24:32.000,2020-06-23T08:24:32.000,,issued,2020-06-23T08:24:32.000,1986,42nd,Av,94116.0,1 family dwelling,1 family dwelling,1.0,1.0,5000.0,8000.0,N,Y,4.0,Sunset/Parkside,1591510125640,2025-08-07T23:55:01.000,POINT (-122.500635359 37.749716692),eas_address_point
202006128531,8,otc alterations permit,2020-06-12T00:00:00.000,6912,029,2020-06-12T13:46:15.000,2020-06-16T10:16:15.000,2020-06-16T10:16:15.000,2020-07-01T12:47:06.000,complete,2020-07-01T12:47:06.000,165,Cerritos,Av,94127.0,1 family dwelling,1 family dwelling,1.0,1.0,19000.0,19000.0,N,Y,7.0,West of Twin Peaks,1591512213925,2025-08-07T23:55:01.000,POINT (-122.470435834 37.726255903),eas_address_point
202006128532,8,otc alterations permit,2020-06-12T00:00:00.000,2647,008,2020-06-12T13:46:51.000,2022-06-03T09:57:08.000,2022-06-03T09:57:08.000,2024-08-09T10:31:30.000,complete,2024-08-09T10:31:30.000,456,Castro,St,94114.0,food/beverage hndlng,food/beverage hndlng,2.0,2.0,300000.0,300000.0,N,Y,8.0,Castro/Upper Market,1591513382329,2025-08-07T23:55:01.000,POINT (-122.43543151 37.761602439),eas_address_point
202006128533,8,otc alterations permit,2020-06-12T00:00:00.000,6004,019,2020-06-12T13:49:02.000,2020-10-22T09:14:23.000,2020-10-22T09:14:23.000,2020-11-05T09:54:25.000,complete,2020-11-05T09:54:25.000,62,Ina,Ct,94112.0,1 family dwelling,1 family dwelling,1.0,1.0,3530.0,4000.0,N,Y,11.0,Excelsior,1591514193571,2025-08-07T23:55:01.000,POINT (-122.425288972 37.723362819),eas_address_point
202006128534,8,otc alterations permit,2020-06-12T00:00:00.000,8722,001,2020-06-12T13:50:57.000,2020-06-22T13:56:32.000,2020-06-22T13:56:32.000,2021-03-15T09:15:35.000,complete,2021-03-15T09:15:35.000,1601,03rd,St,94158.0,vacant lot,food/beverage hndlng,,,31500.0,31500.0,N,Y,6.0,Mission Bay,1591515430280,2025-08-07T23:55:01.000,POINT (-122.387549427 37.76799556),eas_address_point
202006128535,8,otc alterations permit,2020-06-12T00:00:00.000,5670,030,2020-06-12T13:53:39.000,2020-06-16T10:02:00.000,2020-06-16T10:02:00.000,2020-07-10T09:40:34.000,complete,2020-07-10T09:40:34.000,329,Winfield,St,94110.0,1 family dwelling,1 family dwelling,1.0,1.0,25000.0,25000.0,N,Y,9.0,Bernal Heights,1591516186458,2025-08-07T23:55:01.000,POINT (-122.419549752 37.740773302),eas_address_point
202006128536,8,otc alterations permit,2020-06-12T00:00:00.000,7104,037,2020-06-12T13:53:55.000,2020-06-17T08:09:00.000,2020-06-17T08:09:00.000,2020-09-24T08:25:17.000,complete,2020-09-24T08:25:17.000,149,Lobos,St,94112.0,1 family dwelling,1 family dwelling,1.0,1.0,12000.0,18000.0,N,Y,11.0,Oceanview/Merced/Ingleside,1591517221684,2025-08-07T23:55:01.000,POINT (-122.457466275 37.714664447),eas_address_point
202006128537,3,additions alterations or repairs,2020-06-12T00:00:00.000,0330,001,2020-06-12T13:54:26.000,2020-07-16T09:50:17.000,2020-07-11T11:21:13.000,2022-09-30T13:07:35.000,complete,2022-09-30T13:07:35.000,71,Powell,St,94102.0,retail sales,retail sales,0.0,0.0,100000.0,100000.0,N,Y,3.0,Tenderloin,1591518372053,2025-08-07T23:55:01.000,POINT (-122.407963495 37.785328093),eas_address_point
202006128538,8,otc alterations permit,2020-06-12T00:00:00.000,1002,023,2020-06-12T13:58:17.000,2020-08-20T15:26:58.000,2020-08-18T16:20:32.000,,issued,2020-08-20T15:26:58.000,2226,Divisadero,St,94115.0,apartments,apartments,8.0,8.0,1.0,1.0,N,Y,2.0,Pacific Heights,159175386698,2025-08-07T23:55:01.000,POINT (-122.440568401 37.790367152),eas_address_point
202006128539,8,otc alterations permit,2020-06-12T00:00:00.000,5835,023A,2020-06-12T14:05:21.000,2020-06-18T09:31:55.000,2020-06-18T09:31:55.000,2021-01-19T10:55:14.000,complete,2021-01-19T10:55:14.000,19,Benton,Av,94112.0,1 family dwelling,1 family dwelling,1.0,1.0,5000.0,12000.0,N,Y,9.0,Bernal Heights,1591519189090,2025-08-07T23:55:01.000,POINT (-122.426985348 37.732205774),eas_address_point
202006128540,8,otc alterations permit,2020-06-12T00:00:00.000,0247C,037,2020-06-12T14:08:46.000,2020-07-08T10:02:06.000,2020-07-08T10:02:06.000,2020-12-09T08:02:34.000,complete,2020-12-09T08:02:34.000,1200,California,St,94109.0,apartments,apartments,92.0,92.0,90000.0,90000.0,N,Y,3.0,Nob Hill,1591521433061,2025-08-07T23:55:01.000,POINT (-122.414524122 37.791671634),eas_address_point
202006128541,8,otc alterations permit,2020-06-12T00:00:00.000,1926,001C,2020-06-12T14:09:22.000,2020-06-17T08:41:29.000,2020-06-17T08:41:29.000,2020-06-22T14:17:41.000,complete,2020-06-22T14:17:41.000,1615,17th,Av,94122.0,1 family dwelling,1 family dwelling,1.0,1.0,10900.0,12000.0,N,Y,7.0,Inner Sunset,1591520120725,2025-08-07T23:55:01.000,POINT (-122.474854778 37.757706822),eas_address_point
202006128542,8,otc alterations permit,2020-06-12T00:00:00.000,1100,107,2020-06-12T14:11:03.000,2020-06-16T08:19:00.000,2020-06-16T08:19:00.000,2020-07-07T09:36:57.000,complete,2020-07-07T09:36:57.000,40,Beideman,St,94115.0,apartments,apartments,8.0,8.0,18000.0,18000.0,N,Y,5.0,Western Addition,1591522465356,2025-08-07T23:55:01.000,POINT (-122.438111233 37.78209601),eas_address_point
202006128543,8,otc alterations permit,2020-06-12T00:00:00.000,0555,016A,2020-06-12T14:15:26.000,2020-06-16T09:54:45.000,2020-06-16T09:54:45.000,2021-12-07T13:42:45.000,complete,2021-12-07T13:42:45.000,2090,Vallejo,St,94123.0,1 family dwelling,1 family dwelling,1.0,1.0,12000.0,12000.0,N,Y,2.0,Marina,159152374179,2025-08-07T23:55:01.000,POINT (-122.431681078 37.795947773),eas_address_point
202006128544,8,otc alterations permit,2020-06-12T00:00:00.000,6482,013,2020-06-12T14:19:03.000,2020-06-16T08:02:09.000,2020-06-16T08:02:09.000,2020-08-28T07:45:49.000,complete,2020-08-28T07:45:49.000,1154,Naples,St,94112.0,1 family dwelling,1 family dwelling,1.0,1.0,6000.0,8000.0,N,Y,11.0,Excelsior,1591524204575,2025-08-07T23:55:01.000,POINT (-122.437577665 37.712722335),eas_address_point
202006128545,8,otc alterations permit,2020-06-12T00:00:00.000,1146,016,2020-06-12T14:19:27.000,2020-06-16T09:49:43.000,2020-06-16T09:49:43.000,2020-07-07T11:42:37.000,complete,2020-07-07T11:42:37.000,2847,Turk,St,94118.0,2 family dwelling,2 family dwelling,2.0,2.0,11700.0,12000.0,N,,1.0,Lone Mountain/USF,1591526390582,2025-08-07T23:55:01.000,POINT (-122.452237988 37.777717837),parcel_centroid
202006128545,8,otc alterations permit,2020-06-12T00:00:00.000,1146,016,2020-06-12T14:19:27.000,2020-06-16T09:49:43.000,2020-06-16T09:49:43.000,2020-07-07T11:42:37.000,complete,2020-07-07T11:42:37.000,2845,Turk,Bl,94118.0,2 family dwelling,2 family dwelling,2.0,2.0,11700.0,12000.0,N,Y,1.0,Lone Mountain/USF,159152590531,2025-08-07T23:55:01.000,POINT (-122.452237988 37.777717837),eas_address_point
202006128547,8,otc alterations permit,2020-06-12T00:00:00.000,2350,021,2020-06-12T14:25:20.000,2020-06-19T07:47:15.000,2020-06-19T07:47:15.000,2020-09-08T10:48:51.000,complete,2020-09-08T10:48:51.000,1136,Taraval,St,94116.0,2 family dwelling,2 family dwelling,2.0,2.0,25000.0,36000.0,N,Y,4.0,Sunset/Parkside,1591528430195,2025-08-07T23:55:01.000,POINT (-122.478472787 37.743175163),eas_address_point
202006128548,8,otc alterations permit,2020-06-12T00:00:00.000,6506,058,2020-06-12T14:26:30.000,2020-06-18T10:07:48.000,2020-06-18T10:07:48.000,2020-06-25T10:16:31.000,complete,2020-06-25T10:16:31.000,4167,24th,St,94114.0,apartments,apartments,4.0,4.0,22000.0,22000.0,N,Y,8.0,Noe Valley,1591529505640,2025-08-07T23:55:01.000,POINT (-122.435468755 37.75108002),eas_address_point
202006128549,8,otc alterations permit,2020-06-12T00:00:00.000,0580,034,2020-06-12T14:44:39.000,2020-06-18T09:14:27.000,2020-06-18T09:14:27.000,,issued,2020-06-18T09:14:27.000,2266,Pacific,Av,94115.0,apartments,apartments,4.0,4.0,10000.0,12000.0,N,Y,2.0,Pacific Heights,159153375240,2025-08-07T23:55:01.000,POINT (-122.432617165 37.793897949),eas_address_point
202006128550,8,otc alterations permit,2020-06-12T00:00:00.000,7001,020,2020-06-12T14:49:43.000,2020-06-16T10:31:51.000,2020-06-16T10:31:51.000,,issued,2020-06-16T10:31:51.000,912,Shields,St,94132.0,1 family dwelling,1 family dwelling,1.0,1.0,21900.0,22000.0,N,Y,11.0,Oceanview/Merced/Ingleside,1591536217032,2025-08-07T23:55:01.000,POINT (-122.4710582 37.718084606),eas_address_point
202006128552,8,otc alterations permit,2020-06-12T00:00:00.000,0803,030,2020-06-12T14:51:49.000,2020-11-06T13:24:31.000,2020-11-06T13:24:31.000,2023-10-11T13:52:24.000,complete,2023-10-11T13:52:24.000,933,Grove,St,94117.0,1 family dwelling,1 family dwelling,1.0,1.0,150000.0,150000.0,N,,5.0,Hayes Valley,1591557516828,2025-08-07T23:55:01.000,POINT (-122.431909869 37.776434412),eas_address_point
202006128552,8,otc alterations permit,2020-06-12T00:00:00.000,0803,030,2020-06-12T14:51:49.000,2020-11-06T13:24:31.000,2020-11-06T13:24:31.000,2023-10-11T13:52:24.000,complete,2023-10-11T13:52:24.000,931,Grove,St,94117.0,1 family dwelling,1 family dwelling,1.0,1.0,150000.0,150000.0,N,Y,5.0,Hayes Valley,159154381887,2025-08-07T23:55:01.000,POINT (-122.431915 37.776435412),eas_address_point
202006128553,8,otc alterations permit,2020-06-12T00:00:00.000,3003,052,2020-06-12T14:53:13.000,2020-06-16T09:00:46.000,2020-06-16T09:00:46.000,2020-07-23T11:07:18.000,complete,2020-07-23T11:07:18.000,421,Los Palmos,Dr,94127.0,1 family dwelling,1 family dwelling,1.0,1.0,19900.0,20000.0,N,Y,7.0,West of Twin Peaks,1591540149741,2025-08-07T23:55:01.000,POINT (-122.451181527 37.734128998),eas_address_point
202006128554,8,otc alterations permit,2020-06-12T00:00:00.000,5331,015,2020-06-12T14:54:50.000,2020-06-17T13:23:12.000,2020-06-17T13:23:12.000,,issued,2020-06-17T13:23:12.000,2138,Quesada,Av,94124.0,1 family dwelling,1 family dwelling,1.0,1.0,2000.0,3000.0,N,Y,10.0,Bayview Hunters Point,1591541179523,2025-08-07T23:55:01.000,POINT (-122.399486022 37.738204874),eas_address_point
202006128555,8,otc alterations permit,2020-06-12T00:00:00.000,6084,023,2020-06-12T14:57:33.000,2020-06-16T10:27:50.000,2020-06-16T10:27:50.000,2020-07-02T14:35:53.000,complete,2020-07-02T14:35:53.000,4763,Mission,St,94112.0,food/beverage hndlng,food/beverage hndlng,0.0,0.0,19900.0,20000.0,N,Y,11.0,Excelsior,1591544195715,2025-08-07T23:55:01.000,POINT (-122.436474333 37.722029603),eas_address_point
202006128556,8,otc alterations permit,2020-06-12T00:00:00.000,6709,004,2020-06-12T15:19:31.000,2020-08-27T07:24:33.000,2020-08-27T07:24:33.000,2021-07-02T13:30:16.000,complete,2021-07-02T13:30:16.000,20,Mizpah,St,94131.0,1 family dwelling,1 family dwelling,1.0,1.0,18155.0,18155.0,N,Y,8.0,Glen Park,1591549210970,2025-08-07T23:55:01.000,POINT (-122.439111727 37.73683863),eas_address_point
202006128557,8,otc alterations permit,2020-06-12T00:00:00.000,2161,021A,2020-06-12T15:24:05.000,2020-06-16T08:08:01.000,2020-06-16T08:08:01.000,,issued,2020-06-16T08:08:01.000,2066,42nd,Av,94116.0,1 family dwelling,1 family dwelling,1.0,1.0,20000.0,20000.0,N,Y,4.0,Sunset/Parkside,1591550127971,2025-08-07T23:55:01.000,POINT (-122.500441178 37.74819559),eas_address_point
202006128559,8,otc alterations permit,2020-06-12T00:00:00.000,2751,031,2020-06-12T15:29:45.000,2020-06-16T09:16:47.000,2020-06-16T09:16:47.000,2020-07-17T12:37:55.000,complete,2020-07-17T12:37:55.000,358,Collingwood,St,94114.0,apartments,apartments,4.0,4.0,15000.0,18000.0,N,Y,8.0,Castro/Upper Market,1591551411595,2025-08-07T23:55:01.000,POINT (-122.436079634 37.756656898),eas_address_point
202006128560,8,otc alterations permit,2020-06-12T00:00:00.000,3042,034,2020-06-12T15:32:59.000,2020-06-16T08:06:01.000,2020-06-16T08:06:01.000,,issued,2020-06-16T08:06:01.000,167,Maywood,Dr,94127.0,1 family dwelling,1 family dwelling,1.0,1.0,40000.0,45000.0,N,Y,7.0,West of Twin Peaks,1591552150758,2025-08-07T23:55:01.000,POINT (-122.461622441 37.733516242),eas_address_point
202006128561,3,additions alterations or repairs,2020-06-12T00:00:00.000,2647,008,2020-06-12T15:37:42.000,2020-12-22T07:25:39.000,2020-12-03T07:32:44.000,2024-07-01T09:14:58.000,complete,2024-07-01T09:14:58.000,456,Castro,St,94114.0,2 family dwelling,2 family dwelling,2.0,2.0,650000.0,650000.0,N,Y,8.0,Castro/Upper Market,1591570382329,2025-08-07T23:55:01.000,POINT (-122.43543151 37.761602439),eas_address_point
202006128562,8,otc alterations permit,2020-06-12T00:00:00.000,3281,009,2020-06-12T15:48:24.000,2020-06-16T11:12:54.000,2020-06-16T11:12:54.000,,issued,2020-06-16T11:12:54.000,69,Keystone,Wy,94127.0,1 family dwelling,1 family dwelling,1.0,1.0,5200.0,5200.0,N,Y,7.0,West of Twin Peaks,1591556155835,2025-08-07T23:55:01.000,POINT (-122.462778643 37.727250079),eas_address_point
202006128563,8,otc alterations permit,2020-06-12T00:00:00.000,0634,012,2020-06-12T15:50:41.000,2020-06-16T09:45:00.000,2020-06-16T09:45:00.000,2021-03-05T12:59:56.000,complete,2021-03-05T12:59:56.000,2572,California,St,94115.0,apartments,apartments,3.0,3.0,30000.0,36000.0,N,Y,2.0,Pacific Heights,1591553236098,2025-08-07T23:55:01.000,POINT (-122.436675434 37.788830678),eas_address_point
202006128565,8,otc alterations permit,2020-06-12T00:00:00.000,2673,044,2020-06-12T16:25:12.000,2020-06-16T08:46:39.000,2020-06-16T08:46:39.000,2020-09-02T13:02:47.000,complete,2020-09-02T13:02:47.000,21,Woodhaven,Ct,94131.0,1 family dwelling,1 family dwelling,1.0,1.0,10000.0,12000.0,N,Y,7.0,Inner Sunset,1591558141359,2025-08-07T23:55:01.000,POINT (-122.455803343 37.755858687),eas_address_point
202006128566,8,otc alterations permit,2020-06-12T00:00:00.000,6280,034,2020-06-12T16:36:49.000,2020-06-17T08:30:25.000,2020-06-17T08:30:25.000,2020-07-16T13:02:10.000,complete,2020-07-16T13:02:10.000,647,Athens,St,94112.0,1 family dwelling,1 family dwelling,1.0,1.0,10000.0,12000.0,N,Y,11.0,Excelsior,1591559199925,2025-08-07T23:55:01.000,POINT (-122.431092594 37.717661466),eas_address_point
202006128567,8,otc alterations permit,2020-06-12T00:00:00.000,2626,033,2020-06-12T16:43:21.000,2020-06-16T09:37:20.000,2020-06-16T09:37:20.000,2020-09-21T13:25:00.000,complete,2020-09-21T13:25:00.000,14,Saturn,St,94114.0,2 family dwelling,2 family dwelling,2.0,2.0,11000.0,18000.0,N,Y,8.0,Castro/Upper Market,1591560140036,2025-08-07T23:55:01.000,POINT (-122.441123992 37.762969888),eas_address_point
202006128568,8,otc alterations permit,2020-06-12T00:00:00.000,6713,035,2020-06-12T16:44:28.000,2020-06-29T08:18:22.000,2020-06-29T08:18:22.000,2020-07-02T10:28:54.000,complete,2020-07-02T10:28:54.000,90,Sussex,St,94131.0,1 family dwelling,1 family dwelling,1.0,1.0,5840.0,8000.0,N,Y,8.0,Glen Park,1591561211097,2025-08-07T23:55:01.000,POINT (-122.434315579 37.737443146),eas_address_point
202006128569,8,otc alterations permit,2020-06-12T00:00:00.000,1207,037,2020-06-12T16:50:56.000,2020-06-17T09:07:28.000,2020-06-17T09:07:28.000,2020-07-06T13:32:40.000,complete,2020-07-06T13:32:40.000,1681,Hayes,St,94117.0,2 family dwelling,2 family dwelling,2.0,2.0,17000.0,18000.0,N,Y,5.0,Lone Mountain/USF,159156292406,2025-08-07T23:55:01.000,POINT (-122.444001036 37.773969969),eas_address_point
202006128570,8,otc alterations permit,2020-06-12T00:00:00.000,2828,035,2020-06-12T17:04:44.000,2020-07-16T13:52:36.000,2020-07-16T13:52:36.000,,issued,2020-07-16T13:52:36.000,931,Elizabeth,St,94114.0,1 family dwelling,1 family dwelling,1.0,1.0,28840.0,30000.0,N,Y,8.0,Noe Valley,1591563145331,2025-08-07T23:55:01.000,POINT (-122.441432028 37.751409452),eas_address_point
202006128571,8,otc alterations permit,2020-06-12T00:00:00.000,4080,037,2020-06-12T17:04:56.000,2020-06-19T10:50:29.000,2020-06-19T10:50:29.000,2020-09-25T11:56:39.000,complete,2020-09-25T11:56:39.000,720,York,St,94110.0,apartments,apartments,36.0,36.0,27500.0,28000.0,N,Y,9.0,Mission,1591564446295,2025-08-07T23:55:01.000,POINT (-122.409205598 37.760054866),eas_address_point
202006128572,8,otc alterations permit,2020-06-12T00:00:00.000,0121,004A,2020-06-12T17:09:01.000,2020-06-16T08:50:33.000,2020-06-16T08:50:33.000,2020-08-18T12:02:59.000,complete,2020-08-18T12:02:59.000,1020,Green,St,94133.0,1 family dwelling,1 family dwelling,1.0,1.0,32850.0,33000.0,N,Y,3.0,Russian Hill,159156559551,2025-08-07T23:55:01.000,POINT (-122.416057338 37.798884995),eas_address_point
202006128573,8,otc alterations permit,2020-06-12T00:00:00.000,6574,048,2020-06-12T17:14:15.000,2020-06-18T09:26:42.000,2020-06-18T09:26:42.000,2020-09-17T12:50:57.000,complete,2020-09-17T12:50:57.000,3184,Mission,St,94110.0,apartments,apartments,20.0,20.0,13000.0,13000.0,N,Y,9.0,Bernal Heights,1591566467073,2025-08-07T23:55:01.000,POINT (-122.419827784 37.74616974),eas_address_point
202006128574,8,otc alterations permit,2020-06-12T00:00:00.000,1889,008,2020-06-12T17:20:51.000,2020-06-18T10:27:38.000,2020-06-18T10:27:38.000,2020-06-24T10:21:30.000,complete,2020-06-24T10:21:30.000,1543,43rd,Av,94122.0,1 family dwelling,1 family dwelling,1.0,1.0,12000.0,12000.0,N,Y,4.0,Sunset/Parkside,1591567118934,2025-08-07T23:55:01.000,POINT (-122.502851671 37.757859067),eas_address_point
202006128575,8,otc alterations permit,2020-06-12T00:00:00.000,0662,004,2020-06-12T17:23:44.000,2020-06-19T09:37:17.000,2020-06-19T09:37:17.000,2020-11-12T14:00:13.000,complete,2020-11-12T14:00:13.000,1845,Laguna,St,94115.0,1 family dwelling,1 family dwelling,1.0,1.0,30000.0,30000.0,N,Y,5.0,Pacific Heights,159156878161,2025-08-07T23:55:01.000,POINT (-122.428913439 37.788218162),eas_address_point
202006128576,8,otc alterations permit,2020-06-12T00:00:00.000,2858,016,2020-06-12T17:28:09.000,2020-06-16T09:20:29.000,2020-06-16T09:20:29.000,,issued,2020-06-16T09:20:29.000,71,Lopez,Av,94116.0,1 family dwelling,1 family dwelling,1.0,1.0,15700.0,16000.0,N,Y,7.0,West of Twin Peaks,1591569146044,2025-08-07T23:55:01.000,POINT (-122.463384305 37.747205107),eas_address_point
202006128577,8,otc alterations permit,2020-06-12T00:00:00.000,0716,015,2020-06-12T17:52:09.000,2020-09-02T18:36:34.000,2020-09-02T18:36:34.000,2021-07-12T08:38:16.000,complete,2021-07-12T08:38:16.000,888,Ofarrell,St,94109.0,office,office,262.0,262.0,18500.0,18500.0,N,Y,5.0,Tenderloin,1591586504407,2025-08-07T23:55:01.000,POINT (-122.419013294 37.785296188),eas_address_point
202006128578,8,otc alterations permit,2020-06-12T00:00:00.000,5609,027,2020-06-12T17:52:56.000,2020-08-22T07:34:07.000,2020-08-22T07:34:07.000,,issued,2020-08-22T07:34:07.000,55,Fair,Av,94110.0,apartments,apartments,3.0,4.0,5500.0,5500.0,N,Y,9.0,Bernal Heights,1591591184588,2025-08-07T23:55:01.000,POINT (-122.418909596 37.745370577),eas_address_point
202006128579,8,otc alterations permit,2020-06-12T00:00:00.000,0227,048,2020-06-12T17:52:56.000,2021-03-02T11:51:05.000,2021-03-02T11:51:05.000,2021-04-19T16:15:06.000,complete,2021-04-19T16:15:06.000,555,Montgomery,St,94111.0,office,office,0.0,0.0,9000.0,12000.0,N,Y,3.0,Chinatown,1591595296981,2025-08-07T23:55:01.000,POINT (-122.403438334 37.794393331),eas_address_point
202006128580,8,otc alterations permit,2020-06-12T00:00:00.000,0295,006,2020-06-12T17:52:56.000,2020-09-23T07:17:58.000,2020-09-23T07:17:58.000,2021-03-19T09:48:28.000,complete,2021-03-19T09:48:28.000,360,Post,St,94108.0,office,office,,,2000.0,2000.0,N,Y,3.0,Financial District/South Beach,1591598349577,2025-08-07T23:55:01.000,POINT (-122.407662648 37.788672674),eas_address_point
202006128581,8,otc alterations permit,2020-06-12T00:00:00.000,5559,021,2020-06-12T17:52:57.000,,,,cancelled,2023-07-28T13:08:21.000,185,Bay Shore,Bl,94124.0,auto repairs,auto repairs,,,6200.0,0.0,N,Y,10.0,Bayview Hunters Point,1591600467223,2025-08-07T23:55:01.000,POINT (-122.403420062 37.745308922),eas_address_point
202006128582,8,otc alterations permit,2020-06-12T00:00:00.000,0227,048,2020-06-12T17:52:57.000,2020-08-11T08:46:37.000,2020-08-11T08:46:37.000,2020-08-11T08:46:37.000,complete,2020-08-11T08:46:37.000,555,Montgomery,St,94111.0,office,office,,,9000.0,9000.0,N,Y,3.0,Chinatown,1591605296981,2025-08-07T23:55:01.000,POINT (-122.403438334 37.794393331),eas_address_point
202006128583,8,otc alterations permit,2020-06-12T00:00:00.000,0206,008,2020-06-12T17:52:57.000,,,,filed,2020-06-12T17:52:57.000,500,Sansome,St,94111.0,office,office,,,19000.0,0.0,N,Y,3.0,Chinatown,1591616296197,2025-08-07T23:55:01.000,POINT (-122.401194275 37.795140933),eas_address_point
M1210327,8,otc alterations permit,2020-06-12T00:00:00.000,5745,046,2020-06-12T15:06:09.000,2020-06-19T09:41:06.000,2020-06-19T09:41:06.000,,issued,2020-06-19T09:41:06.000,252,Richland,Av,94110.0,,,,,,1.0,N,Y,9.0,Bernal Heights,1591547188465,2025-08-07T23:55:01.000,POINT (-122.421535578 37.735625997),eas_address_point
202006128584,8,otc alterations permit,2020-06-12T00:00:00.000,8721,033,2020-06-12T17:52:57.000,2020-09-01T17:36:30.000,2020-09-01T17:36:30.000,2024-05-30T09:03:12.000,complete,2024-05-30T09:03:12.000,1455,03rd,St,94158.0,office,office,,,30000.0,30000.0,N,Y,6.0,Mission Bay,1591629504722,2025-08-07T23:55:01.000,POINT (-122.388772581 37.770060965),eas_address_point
202006128585,8,otc alterations permit,2020-06-12T00:00:00.000,0258,032,2020-06-12T17:52:57.000,,,,filed,2020-06-12T17:52:57.000,601,California,St,94108.0,office,office,,,660.0,0.0,N,Y,3.0,Financial District/South Beach,159163866051,2025-08-07T23:55:01.000,POINT (-122.404685586 37.792359393),eas_address_point
202006128586,8,otc alterations permit,2020-06-12T00:00:00.000,5370,057,2020-06-12T17:52:58.000,2020-09-02T18:25:04.000,2020-09-02T18:25:04.000,2020-10-28T07:55:01.000,complete,2020-10-28T07:55:01.000,90,Charter Oak,Av,94124.0,"warehouse, furniture","warehouse, furniture",,,65000.0,103500.0,N,Y,10.0,Bayview Hunters Point,1591645180771,2025-08-07T23:55:01.000,POINT (-122.405297955 37.736818525),eas_address_point
202006128587,8,otc alterations permit,2020-06-12T00:00:00.000,0258,032,2020-06-12T17:52:58.000,,,,filed,2020-06-12T17:52:58.000,601,California,St,94108.0,office,office,,,2600.0,0.0,N,Y,3.0,Financial District/South Beach,159165266051,2025-08-07T23:55:01.000,POINT (-122.404685586 37.792359393),eas_address_point
202006128588,8,otc alterations permit,2020-06-12T00:00:00.000,2081,001,2020-06-12T17:52:58.000,2020-09-29T10:00:20.000,2020-09-29T10:00:20.000,2021-04-07T10:32:06.000,complete,2021-04-07T10:32:06.000,3701,Noriega,St,94122.0,vacant lot,retail sales,,12.0,37800.0,37800.0,N,Y,4.0,Sunset/Parkside,1591654124987,2025-08-07T23:55:01.000,POINT (-122.50357296 37.752807919),eas_address_point
202006128589,8,otc alterations permit,2020-06-12T00:00:00.000,0262,013,2020-06-12T17:52:59.000,,,,filed,2020-06-12T17:52:59.000,255,California,St,94111.0,office,office,,,3900.0,3900.0,N,Y,3.0,Financial District/South Beach,159165766077,2025-08-07T23:55:01.000,POINT (-122.399667906 37.793118036),eas_address_point
202006128590,8,otc alterations permit,2020-06-12T00:00:00.000,6573,001,2020-06-12T17:52:59.000,2020-09-23T07:19:04.000,2020-09-23T07:19:04.000,2021-10-21T13:37:03.000,complete,2021-10-21T13:37:03.000,3138,Kamille,Ct,94110.0,office,office,,,2500.0,2500.0,N,Y,9.0,Mission,1591659381229,2025-08-07T23:55:01.000,POINT (-122.412277683 37.748982213),eas_address_point
202006128591,8,otc alterations permit,2020-06-12T00:00:00.000,3737,030,2020-06-12T17:52:59.000,2020-07-16T09:05:42.000,2020-07-16T09:05:42.000,2021-03-25T15:24:40.000,complete,2021-03-25T15:24:40.000,405,Howard,St,94105.0,office,office,,,3600.0,3600.0,N,Y,6.0,Financial District/South Beach,1591661450880,2025-08-07T23:55:01.000,POINT (-122.395375621 37.788608881),eas_address_point
202006128592,8,otc alterations permit,2020-06-12T00:00:00.000,3733,171,2020-06-12T17:52:59.000,,,,filed,2020-06-12T17:52:59.000,801,Howard,St,94103.0,apartments,apartments,182.0,182.0,10412.0,0.0,N,Y,6.0,South of Market,1591665487495,2025-08-07T23:55:01.000,POINT (-122.402829398 37.782976428),eas_address_point
202006128593,8,otc alterations permit,2020-06-12T00:00:00.000,0241,025,2020-06-12T17:53:00.000,2020-11-30T14:43:13.000,2020-11-30T14:43:13.000,,issued,2020-11-30T14:43:13.000,650,California,St,94108.0,office,office,,,2300.0,2300.0,N,Y,3.0,Chinatown,1591674296980,2025-08-07T23:55:01.000,POINT (-122.405207232 37.792936664),eas_address_point
202006128594,8,otc alterations permit,2020-06-12T00:00:00.000,3737,055,2020-06-12T17:53:00.000,2020-10-26T07:13:56.000,2020-10-26T07:13:56.000,2021-02-17T12:55:46.000,complete,2021-02-17T12:55:46.000,422,Folsom,St,94105.0,health studios & gym,health studios & gym,548.0,548.0,77600.0,77600.0,N,Y,6.0,Financial District/South Beach,1591677509917,2025-08-07T23:55:01.000,POINT (-122.39392579 37.787937026),eas_address_point
202006128595,8,otc alterations permit,2020-06-12T00:00:00.000,0353,001,2020-06-12T17:53:00.000,,,,withdrawn,2020-07-06T10:26:58.000,200,Larkin,St,94102.0,museum,museum,0.0,0.0,1000.0,0.0,N,Y,5.0,Tenderloin,1591678371622,2025-08-07T23:55:01.000,POINT (-122.416642677 37.780149776),eas_address_point
202006128596,8,otc alterations permit,2020-06-12T00:00:00.000,3721,089,2020-06-12T17:53:00.000,,,,filed,2020-06-12T17:53:00.000,101,02nd,St,94105.0,office,office,,,1320.0,0.0,N,Y,6.0,Financial District/South Beach,1591680451384,2025-08-07T23:55:01.000,POINT (-122.399400773 37.787874793),eas_address_point
202006128597,8,otc alterations permit,2020-06-12T00:00:00.000,3746,386,2020-06-12T17:53:01.000,2020-07-31T07:12:47.000,2020-07-31T07:12:47.000,2020-08-11T15:52:41.000,complete,2020-08-11T15:52:41.000,338,Main,St,94105.0,vacant lot,apartments,,245.0,2800.0,2800.0,N,Y,6.0,Financial District/South Beach,1591681509541,2025-08-07T23:55:01.000,POINT (-122.391498421 37.788717614),eas_address_point
202006128598,8,otc alterations permit,2020-06-12T00:00:00.000,3708,056,2020-06-12T17:53:01.000,2020-09-22T11:03:29.000,2020-09-22T11:03:29.000,,issued,2020-09-22T11:03:29.000,525,Market,St,94105.0,office,office,,,25740.0,25740.0,N,Y,6.0,Financial District/South Beach,1591682164534,2025-08-07T23:55:01.000,POINT (-122.399325506 37.790631414),eas_address_point
202006128599,8,otc alterations permit,2020-06-12T00:00:00.000,1145,003,2020-06-12T17:53:01.000,2020-09-23T07:16:35.000,2020-09-23T07:16:35.000,2021-11-02T14:54:26.000,complete,2021-11-02T14:54:26.000,2335,Golden Gate,Av,94117.0,health studios & gym,health studios & gym,,,13000.0,13000.0,N,Y,1.0,Lone Mountain/USF,1591683471969,2025-08-07T23:55:01.000,POINT (-122.450139134 37.776445656),eas_address_point
202006128600,8,otc alterations permit,2020-06-12T00:00:00.000,3737,055,2020-06-12T17:53:01.000,2020-10-30T07:17:31.000,2020-10-30T07:17:31.000,2021-01-25T10:06:55.000,complete,2021-01-25T10:06:55.000,422,Folsom,St,94105.0,health studios & gym,health studios & gym,548.0,548.0,32500.0,35500.0,N,Y,6.0,Financial District/South Beach,1591684509917,2025-08-07T23:55:01.000,POINT (-122.39392579 37.787937026),eas_address_point
202006128601,8,otc alterations permit,2020-06-12T00:00:00.000,0836,032,2020-06-12T17:53:02.000,2020-11-18T07:15:37.000,2020-11-18T07:15:37.000,,issued,2020-11-18T07:15:37.000,22,Franklin,St,94102.0,food/beverage hndlng,food/beverage hndlng,35.0,35.0,6000.0,6000.0,N,Y,6.0,Hayes Valley,1591685513129,2025-08-07T23:55:01.000,POINT (-122.420684151 37.77472362),eas_address_point
202006128602,8,otc alterations permit,2020-06-12T00:00:00.000,1661,004E,2020-06-12T17:53:02.000,2021-04-06T15:36:38.000,2021-04-06T15:36:38.000,2022-05-16T14:43:54.000,complete,2022-05-16T14:43:54.000,749,18th,Av,94121.0,2 family dwelling,apartments,2.0,3.0,10000.0,19075.0,N,Y,1.0,Outer Richmond,1591686510304,2025-08-07T23:55:01.000,POINT (-122.477090218 37.77386826),eas_address_point
202006128603,8,otc alterations permit,2020-06-12T00:00:00.000,3741,032,2020-06-12T17:53:02.000,2020-06-29T11:01:28.000,2020-06-29T11:01:28.000,,issued,2020-06-29T11:01:28.000,201,Spear,St,94105.0,food/beverage hndlng,food/beverage hndlng,,,4900.0,21122.0,N,Y,6.0,Financial District/South Beach,1591687165689,2025-08-07T23:55:01.000,POINT (-122.391790955 37.791185114),eas_address_point
202006128604,8,otc alterations permit,2020-06-12T00:00:00.000,1640,013,2020-06-12T17:53:02.000,2020-07-07T08:08:02.000,2020-07-07T08:08:02.000,2020-08-10T13:34:03.000,complete,2020-08-10T13:34:03.000,651,04th,Av,94118.0,2 family dwelling,2 family dwelling,2.0,2.0,4000.0,4000.0,N,Y,1.0,Inner Richmond,1591688108059,2025-08-07T23:55:01.000,POINT (-122.462126246 37.776349449),eas_address_point
202006128604,8,otc alterations permit,2020-06-12T00:00:00.000,1640,013,2020-06-12T17:53:02.000,2020-07-07T08:08:02.000,2020-07-07T08:08:02.000,2020-08-10T13:34:03.000,complete,2020-08-10T13:34:03.000,653,04th,Av,94118.0,2 family dwelling,2 family dwelling,2.0,2.0,4000.0,4000.0,N,,1.0,Inner Richmond,1591689510629,2025-08-07T23:55:01.000,POINT (-122.46212612 37.77634992),eas_address_point
202006128605,8,otc alterations permit,2020-06-12T00:00:00.000,3706,093,2020-06-12T17:53:03.000,2020-10-15T16:22:18.000,2020-10-15T16:22:18.000,,issued,2020-10-15T16:22:18.000,706,Mission,St,94103.0,office,apartments,0.0,169.0,15000.0,15000.0,N,Y,6.0,Financial District/South Beach,1591690508594,2025-08-07T23:55:01.000,POINT (-122.4024234 37.786393901),eas_address_point
202006128606,8,otc alterations permit,2020-06-12T00:00:00.000,0629,119,2020-06-12T17:53:03.000,2021-02-19T07:13:26.000,2021-02-19T07:13:26.000,2021-10-21T13:38:21.000,complete,2021-10-21T13:38:21.000,2121,Webster,St,94115.0,apartments,apartments,66.0,66.0,6000.0,6000.0,N,Y,2.0,Pacific Heights,1591691512259,2025-08-07T23:55:01.000,POINT (-122.432596535 37.790157191),eas_address_point
202006128606,8,otc alterations permit,2020-06-12T00:00:00.000,0629,120,2020-06-12T17:53:03.000,2021-02-19T07:13:26.000,2021-02-19T07:13:26.000,2021-10-21T13:38:21.000,complete,2021-10-21T13:38:21.000,2121,Webster,St,94115.0,apartments,apartments,66.0,66.0,6000.0,6000.0,N,,2.0,Pacific Heights,1591692512260,2025-08-07T23:55:01.000,POINT (-122.432596535 37.790157191),eas_address_point
202006128606,8,otc alterations permit,2020-06-12T00:00:00.000,0629,121,2020-06-12T17:53:03.000,2021-02-19T07:13:26.000,2021-02-19T07:13:26.000,2021-10-21T13:38:21.000,complete,2021-10-21T13:38:21.000,2121,Webster,St,94115.0,apartments,apartments,66.0,66.0,6000.0,6000.0,N,,2.0,Pacific Heights,1591693512261,2025-08-07T23:55:01.000,POINT (-122.432596535 37.790157191),eas_address_point
202006128606,8,otc alterations permit,2020-06-12T00:00:00.000,0629,122,2020-06-12T17:53:03.000,2021-02-19T07:13:26.000,2021-02-19T07:13:26.000,2021-10-21T13:38:21.000,complete,2021-10-21T13:38:21.000,2121,Webster,St,94115.0,apartments,apartments,66.0,66.0,6000.0,6000.0,N,,2.0,Pacific Heights,1591694512262,2025-08-07T23:55:01.000,POINT (-122.432596535 37.790157191),eas_address_point
202006128606,8,otc alterations permit,2020-06-12T00:00:00.000,0629,123,2020-06-12T17:53:03.000,2021-02-19T07:13:26.000,2021-02-19T07:13:26.000,2021-10-21T13:38:21.000,complete,2021-10-21T13:38:21.000,2121,Webster,St,94115.0,apartments,apartments,66.0,66.0,6000.0,6000.0,N,,2.0,Pacific Heights,1591695512263,2025-08-07T23:55:01.000,POINT (-122.432596535 37.790157191),eas_address_point
202006128606,8,otc alterations permit,2020-06-12T00:00:00.000,0629,124,2020-06-12T17:53:03.000,2021-02-19T07:13:26.000,2021-02-19T07:13:26.000,2021-10-21T13:38:21.000,complete,2021-10-21T13:38:21.000,2121,Webster,St,94115.0,apartments,apartments,66.0,66.0,6000.0,6000.0,N,,2.0,Pacific Heights,1591696512264,2025-08-07T23:55:01.000,POINT (-122.432596535 37.790157191),eas_address_point
202006128606,8,otc alterations permit,2020-06-12T00:00:00.000,0629,125,2020-06-12T17:53:03.000,2021-02-19T07:13:26.000,2021-02-19T07:13:26.000,2021-10-21T13:38:21.000,complete,2021-10-21T13:38:21.000,2121,Webster,St,94115.0,apartments,apartments,66.0,66.0,6000.0,6000.0,N,,2.0,Pacific Heights,1591697512265,2025-08-07T23:55:01.000,POINT (-122.432596535 37.790157191),eas_address_point
202006128607,8,otc alterations permit,2020-06-12T00:00:00.000,0629,126,2020-06-12T17:53:03.000,2021-02-17T11:15:11.000,2021-02-17T11:15:11.000,2021-10-21T13:39:26.000,complete,2021-10-21T13:39:26.000,2121,Webster,St,94115.0,apartments,apartments,66.0,66.0,5000.0,5000.0,N,,2.0,Pacific Heights,1610412512266,2025-08-07T23:55:01.000,POINT (-122.432596535 37.790157191),eas_address_point
202006128607,8,otc alterations permit,2020-06-12T00:00:00.000,0629,127,2020-06-12T17:53:03.000,2021-02-17T11:15:11.000,2021-02-17T11:15:11.000,2021-10-21T13:39:26.000,complete,2021-10-21T13:39:26.000,2121,Webster,St,94115.0,apartments,apartments,66.0,66.0,5000.0,5000.0,N,,2.0,Pacific Heights,1610413512267,2025-08-07T23:55:01.000,POINT (-122.432596535 37.790157191),eas_address_point
202006128607,8,otc alterations permit,2020-06-12T00:00:00.000,0629,128,2020-06-12T17:53:03.000,2021-02-17T11:15:11.000,2021-02-17T11:15:11.000,2021-10-21T13:39:26.000,complete,2021-10-21T13:39:26.000,2121,Webster,St,94115.0,apartments,apartments,66.0,66.0,5000.0,5000.0,N,,2.0,Pacific Heights,1610414512268,2025-08-07T23:55:01.000,POINT (-122.432596535 37.790157191),eas_address_point
